links,links-href,_followSelectorId,_follow
EVEN MORE WWE RETURNS?! John Cena Leaving WWE?! Will Ospreay WWE! | WrestleTalk,https://www.youtube.com/watch?v=6PPRQUyxsN8,links,https://www.youtube.com/watch?v=6PPRQUyxsN8
John Cena RETIRED?! WWE Crown Jewel 2023 Review | WrestleTalk,https://www.youtube.com/watch?v=wx53Su236RQ,links,https://www.youtube.com/watch?v=wx53Su236RQ
SURPRISE WWE Crown Jewel Return! Will Ospreay Future TEASE! WWE SmackDown Review! | WrestleTalk,https://www.youtube.com/watch?v=2oFtu2u-SlI,links,https://www.youtube.com/watch?v=2oFtu2u-SlI
AEW Star SHOOTS On Company! MAJOR WWE Re-Signing! WWE Crown Jewel CONCERN! | WrestleTalk,https://www.youtube.com/watch?v=ggjcd0hLpHE,links,https://www.youtube.com/watch?v=ggjcd0hLpHE
WWE AEW Future UNCERTAIN! Tony Khan Announcement! AEW Dynamite Review | WrestleTalk,https://www.youtube.com/watch?v=soH26dk1TVE,links,https://www.youtube.com/watch?v=soH26dk1TVE
"10 Best WWE Saudi Arabia Matches | Tables, Lists & Chairs | WrestleTalk",https://www.youtube.com/watch?v=NOl7khOlCZo,links,https://www.youtube.com/watch?v=NOl7khOlCZo
Vince McMahon At WWE Crown Jewel?! WWE Raw Ratings DISASTER! WWE vs. AEW! | WrestleTalk,https://www.youtube.com/watch?v=ZxYUjRqc-YQ,links,https://www.youtube.com/watch?v=ZxYUjRqc-YQ
AEW Creative SLIPPING? ‘Frustrating’ Backstage! Drew McIntyre LEAVING? WWE Raw Review | WrestleTalk,https://www.youtube.com/watch?v=Z3H0mtNhYBA,links,https://www.youtube.com/watch?v=Z3H0mtNhYBA
WWE’s Bloodline Expansion: Roman Reigns Recruiting More Family?,https://www.youtube.com/watch?v=2cyXrD4hxmg,links,https://www.youtube.com/watch?v=2cyXrD4hxmg
10 Biggest Signings TNA Could Make Now TNA Is Back | WrestleTalk,https://www.youtube.com/watch?v=NPU0K9AvAFk,links,https://www.youtube.com/watch?v=NPU0K9AvAFk
WWE SmackDown Fan BACKLASH! Roman Reigns Schedule CONTROVERSY! | WrestleTalk,https://www.youtube.com/watch?v=nHpdNCiYZI0,links,https://www.youtube.com/watch?v=nHpdNCiYZI0
PREDICTING WWE Crown Jewel 2023...In 3 Words Or Less | The 3-Count,https://www.youtube.com/watch?v=fOmzXY2dDJA,links,https://www.youtube.com/watch?v=fOmzXY2dDJA
AEW TV DISASTER! CM Punk WWE! Survivor Series Plans LEAKED! | WrestleTalk,https://www.youtube.com/watch?v=PFb-qz32oAQ,links,https://www.youtube.com/watch?v=PFb-qz32oAQ
Real Reason Ric Flair In AEW! Why AEW Star LEFT! AEW Dynamite Review! | WrestleTalk,https://www.youtube.com/watch?v=rijPN6PVpKs,links,https://www.youtube.com/watch?v=rijPN6PVpKs
"10 Worst WWE PPVs Ever | Tables, Lists & Chairs | WrestleTalk",https://www.youtube.com/watch?v=YNSqKpMweEk&t=1231s,links,https://www.youtube.com/watch?v=YNSqKpMweEk&t=1231s
Major WWE Stars Uncertainty… SHOCK WWE Title Change! | WrestleTalk,https://www.youtube.com/watch?v=yIC5p7MD1hA&t=10s,links,https://www.youtube.com/watch?v=yIC5p7MD1hA&t=10s
CM Punk TNA Reports! Why Top WWE Star OFF Crown Jewel! WWE Raw Review | WrestleTalk,https://www.youtube.com/watch?v=RyfBesQcZAQ&t=12s,links,https://www.youtube.com/watch?v=RyfBesQcZAQ&t=12s
WWE vs. AEW: The Battle for Chicago! Is CM Punk the Game Changer?,https://www.youtube.com/watch?v=Ipz0xxBWOJ0&t=10s,links,https://www.youtube.com/watch?v=Ipz0xxBWOJ0&t=10s
Fantasy Booking WWE's New Seasons | WrestleTalk,https://www.youtube.com/watch?v=H60s031TUxU&t=11s,links,https://www.youtube.com/watch?v=H60s031TUxU&t=11s
RADICALLY DIFFERENT WWE Titles LEAKED? AEW Star Officially GONE! WWE SmackDown Review! | WrestleTalk,https://www.youtube.com/watch?v=RU_VSmNgezo&t=7s,links,https://www.youtube.com/watch?v=RU_VSmNgezo&t=7s
WWE TEASE Top Signing! AEW TV Future In JEOPARDY? Roman Reigns Creative Update! | WrestleTalk,https://www.youtube.com/watch?v=mvpgJbxB4Bg,links,https://www.youtube.com/watch?v=mvpgJbxB4Bg
WWE Star NEVER Returning! WWE ‘Contract Tampering’! AEW Dynamite Review | WrestleTalk,https://www.youtube.com/watch?v=CQQG1O_7qgw,links,https://www.youtube.com/watch?v=CQQG1O_7qgw
"10 Best WWE PPVs Ever | Tables, Lists & Chairs | WrestleTalk",https://www.youtube.com/watch?v=H0Ct24lrifg,links,https://www.youtube.com/watch?v=H0Ct24lrifg
Top WWE Star Return LEAKED?! Uncle Howdy WWE Return CANCELED?! Vince WWE Creative! | WrestleTalk,https://www.youtube.com/watch?v=B4FpiDzXM_w,links,https://www.youtube.com/watch?v=B4FpiDzXM_w
Real Reason For Vince McMahon WWE Power Struggle! WWE Raw Review | WrestleTalk,https://www.youtube.com/watch?v=lTcUseXYNAc,links,https://www.youtube.com/watch?v=lTcUseXYNAc
The 10 Next WWE and AEW Wrestlers To Jump Ship | WrestleTalk,https://www.youtube.com/watch?v=wM2DA5p3n-k,links,https://www.youtube.com/watch?v=wM2DA5p3n-k
WWE Stars LEAVE! WWE DENY Alberto Del Rio! | WrestleTalk,https://www.youtube.com/watch?v=kLxuRq_4p8c,links,https://www.youtube.com/watch?v=kLxuRq_4p8c
HUGE WWE RETURN LEAKED!? New SmackDown Boss! | WrestleTalk,https://www.youtube.com/watch?v=7Ego3ruzL5g&t=10s,links,https://www.youtube.com/watch?v=7Ego3ruzL5g&t=10s
Tony Khan AEW MELTDOWN! Endeavor UNHAPPY With Vince McMahon? MAJOR CHANGES To WWE Raw? | WrestleTalk,https://www.youtube.com/watch?v=guP04nj1BI0&t=7s,links,https://www.youtube.com/watch?v=guP04nj1BI0&t=7s
WWE DESTROY AEW! AEW Releases! Dolph Ziggler! WWE Survivor Series Plans LEAKED?! | WrestleTalk,https://www.youtube.com/watch?v=5ZvlW_x1ML4&t=10s,links,https://www.youtube.com/watch?v=5ZvlW_x1ML4&t=10s
10 Worst WWE World Champions | Tables Lists & Chairs | WrestleTalk,https://www.youtube.com/watch?v=892y4GXqCRI&t=10s,links,https://www.youtube.com/watch?v=892y4GXqCRI&t=10s
WWE DENY CM Punk Return! MJF Juice Robinson Controversy! AEW Dynamite Review | WrestleTalk,https://www.youtube.com/watch?v=CeykStoiuOQ&t=9s,links,https://www.youtube.com/watch?v=CeykStoiuOQ&t=9s
Vince McMahon REMOVED From WWE? AEW/WWE CRAZY War! WWE Raw Review | WrestleTalk,https://www.youtube.com/watch?v=rbSaP-utTOs,links,https://www.youtube.com/watch?v=rbSaP-utTOs
Bray Wyatt WWE Faction Plans! Edge AEW Disappointment! | WrestleTalk,https://www.youtube.com/watch?v=7noGGqKm4kk,links,https://www.youtube.com/watch?v=7noGGqKm4kk
FTR Leaving AEW To Join CM Punk In WWE?! John Cena Leaving Soon? Multiple AEW Injuries | WrestleTalk,https://www.youtube.com/watch?v=yrxVwK54Izs,links,https://www.youtube.com/watch?v=yrxVwK54Izs
Cody Rhodes WINS WWE Gold! Jade Cargill WWE Debut! WWE Fastlane 2023 Review! | WrestleTalk,https://www.youtube.com/watch?v=1O-poLxgcNU&t=5s,links,https://www.youtube.com/watch?v=1O-poLxgcNU&t=5s
CM Punk WWE Return…Confirmed? Top WWE Stars Don’t Want Punk! WWE SmackDown Review,https://www.youtube.com/watch?v=alfu_6vyfAs,links,https://www.youtube.com/watch?v=alfu_6vyfAs
REVIEWING EVERY WWE Women's Champion...In 3 Words Or Less | The 3-Count,https://www.youtube.com/watch?v=Wnp82gn5Zus,links,https://www.youtube.com/watch?v=Wnp82gn5Zus
Adam Copeland Debut LOSES To NXT! AEW Warner Bros FRUSTRATION! Roman Reigns WWE Plans! | WrestleTalk,https://www.youtube.com/watch?v=l3KoDTOZP3g&t=20s,links,https://www.youtube.com/watch?v=l3KoDTOZP3g&t=20s
More AEW Talent LEAVING? AEW TV BOTCH! AEW Dynamite Review | WrestleTalk,https://www.youtube.com/watch?v=eo68xeeyZZA&t=21s,links,https://www.youtube.com/watch?v=eo68xeeyZZA&t=21s
10 Best WWE World Champions (w/Denise Salcedo) | Tables Lists & Chairs | WrestleTalk,https://www.youtube.com/watch?v=WZE0ZuPgXUg&t=18s,links,https://www.youtube.com/watch?v=WZE0ZuPgXUg&t=18s
Real Reason For Major WWE Plans! Jade Cargill Main Roster Debut LEAKED?! | WrestleTalk,https://www.youtube.com/watch?v=31KPDP3kIus&t=19s,links,https://www.youtube.com/watch?v=31KPDP3kIus&t=19s
CM Punk vs Seth Rollins WWE TEASE! WWE Raw Matches PULLED! WWE Raw Review | WrestleTalk,https://www.youtube.com/watch?v=Pz94ksWbU8Y&t=4s,links,https://www.youtube.com/watch?v=Pz94ksWbU8Y&t=4s
Edge SHOOTS On WWE Exit! AEW To Sign MORE Ex-WWE Talent? | WrestleTalk,https://www.youtube.com/watch?v=YZm7h_89tbA,links,https://www.youtube.com/watch?v=YZm7h_89tbA
Edge DEFECTS To AEW! AEW Show of the Year?! AEW WrestleDream 2023 Review! | WrestleTalk,https://www.youtube.com/watch?v=KMvY_1TpkF0&t=68s,links,https://www.youtube.com/watch?v=KMvY_1TpkF0&t=68s
10 Fantasy Booking Pitches For WWE Fastlane 2023 | WrestleTalk,https://www.youtube.com/watch?v=NX2po1GqJjE,links,https://www.youtube.com/watch?v=NX2po1GqJjE
AEW Stars CAN’T WAIT For WWE Move? AEW PUSH To Sign WWE Release? WWE SmackDown Review! | WrestleTalk,https://www.youtube.com/watch?v=3QjI0QuBjS8,links,https://www.youtube.com/watch?v=3QjI0QuBjS8
WWE Higher-Ups FRUSTRATED! AEW WrestleDream SHOCK DEBUT? | WrestleTalk,https://www.youtube.com/watch?v=Z5lvOuQUxQ4,links,https://www.youtube.com/watch?v=Z5lvOuQUxQ4
Becky Lynch SHOOTS HARD On WWE! MAJOR AEW Plans SCRAPPED! AEW Dynamite Review | WrestleTalk,https://www.youtube.com/watch?v=jwSG0beII5g,links,https://www.youtube.com/watch?v=jwSG0beII5g
Real Reason Jade Cargill Chose WWE Over AEW! AEW Buying New Japan?! Serious AEW Heat! | WrestleTalk,https://www.youtube.com/watch?v=dFe9d9SdT5k,links,https://www.youtube.com/watch?v=dFe9d9SdT5k
BREAKING: Jade Cargill Signs With WWE! | WrestleTalk,https://www.youtube.com/watch?v=QBlIwB7dkqI,links,https://www.youtube.com/watch?v=QBlIwB7dkqI
‘Baffling’ WWE Release! Jey Uso WWE Plans LEAKED? WWE Raw Review | WrestleTalk,https://www.youtube.com/watch?v=De4W2NC3oGQ,links,https://www.youtube.com/watch?v=De4W2NC3oGQ
Triple H ENDED WWE Careers?! WWE Plans SCRAPPED! HUGE Free Agent To AEW or WWE?! | WrestleTalk,https://www.youtube.com/watch?v=jG1llpGGJeM&t=7s,links,https://www.youtube.com/watch?v=jG1llpGGJeM&t=7s
10 Fantasy Booking Pitches For Jade Cargill’s WWE Debut | WrestleTalk,https://www.youtube.com/watch?v=BI40HqNwHgU,links,https://www.youtube.com/watch?v=BI40HqNwHgU
Matt Riddle RELEASED By WWE! LA Knight Creative Plans SCRAPPED! WWE SmackDown Review! | WrestleTalk,https://www.youtube.com/watch?v=u-uTYuKHk6k,links,https://www.youtube.com/watch?v=u-uTYuKHk6k
PREDICTING WWE Fastlane 2023...In 3 Words Or Less | The 3-Count,https://www.youtube.com/watch?v=UQcpHT6xctc,links,https://www.youtube.com/watch?v=UQcpHT6xctc
WWE Releases 2023: Everything You Need To Know | WrestleTalk,https://www.youtube.com/watch?v=pm966Ki3NQI,links,https://www.youtube.com/watch?v=pm966Ki3NQI
BREAKING: Mustafa Ali RELEASED By WWE! | WrestleTalk,https://www.youtube.com/watch?v=Ge0tYuJRRzs,links,https://www.youtube.com/watch?v=Ge0tYuJRRzs
BREAKING: MAJOR WWE TV SHAKE-UP! WWE SmackDown To USA! WWE Raw & NXT LEAVING! | WrestleTalk,https://www.youtube.com/watch?v=QUo6lZz8j6o,links,https://www.youtube.com/watch?v=QUo6lZz8j6o
Multiple MAJOR AEW INJURIES! WWE ENDS Contract! AEW Dynamite Grand Slam 2023 Review | WrestleTalk,https://www.youtube.com/watch?v=q2HJAoc9MoY,links,https://www.youtube.com/watch?v=q2HJAoc9MoY
Randy Orton WWE RETURN LEAKED! Vince McMahon WWE UPSET! WWE Raw Ratings Dip! | WrestleTalk,https://www.youtube.com/watch?v=oWJ_gUdgygk&t=56s,links,https://www.youtube.com/watch?v=oWJ_gUdgygk&t=56s
WWE Veteran JOINING AEW? WWE Morale ‘DECIMATED’; Jade Cargill Update! WWE Raw Review | WrestleTalk,https://www.youtube.com/watch?v=4ZxbaqBWmtI,links,https://www.youtube.com/watch?v=4ZxbaqBWmtI
WWE & UFC MEGA DRAFT?! Top AEW Star GONE! The Rock SHOOTS! | WrestleTalk,https://www.youtube.com/watch?v=fatUroKwsYs,links,https://www.youtube.com/watch?v=fatUroKwsYs
10 WWE Stars Who Should Dethrone GUNTHER | WrestleTalk,https://www.youtube.com/watch?v=ZBtL3u1l0WU,links,https://www.youtube.com/watch?v=ZBtL3u1l0WU
CM Punk WWE Return Date REVEALED? The Rock WrestleMania Plans! WWE SmackDown Review! | WrestleTalk,https://www.youtube.com/watch?v=kM3shqjYca8,links,https://www.youtube.com/watch?v=kM3shqjYca8
MAJOR WWE Talent CUTS! WWE Employees ‘Very Scared’! Jade Cargill To WWE 'Imminently’! | WrestleTalk,https://www.youtube.com/watch?v=A3SM2uisZ_c,links,https://www.youtube.com/watch?v=A3SM2uisZ_c
HUGE AEW Star DONE! Joining WWE? Edge AEW Update! AEW Dynamite Review | WrestleTalk,https://www.youtube.com/watch?v=ui9Dntn65uQ,links,https://www.youtube.com/watch?v=ui9Dntn65uQ
Fox REJECTING WWE? Heading To Disney?! Becky Lynch NXT Champion! WWE Raw DISASTER! | WrestleTalk,https://www.youtube.com/watch?v=HrJtTaCXMeI,links,https://www.youtube.com/watch?v=HrJtTaCXMeI
Real Reason For Nia Jax WWE Return! LA Knight WWE Dispute! WWE Raw Review | WrestleTalk,https://www.youtube.com/watch?v=A31rx19zF-E,links,https://www.youtube.com/watch?v=A31rx19zF-E
Matt Riddle INCIDENT! Ex WWE Stars RETURNING! AEW Stars HEAT! | WrestleTalk,https://www.youtube.com/watch?v=1G1tWk-TW40&t=14s,links,https://www.youtube.com/watch?v=1G1tWk-TW40&t=14s
Every Time Wrestlers Warned Us About CM Punk | WrestleTalk,https://www.youtube.com/watch?v=AS5yx005sP4&t=51s,links,https://www.youtube.com/watch?v=AS5yx005sP4&t=51s
JEALOUSY Over AEW Star PUSH? Ace Steel SHOOTS On AEW Release! WWE SmackDown Review! | WrestleTalk,https://www.youtube.com/watch?v=E1Vi4yRQayM,links,https://www.youtube.com/watch?v=E1Vi4yRQayM
Reviewing EVERY WWE Attitude Era PPV...In 3 Words Or Less | The 3-Count,https://www.youtube.com/watch?v=hKQwxezrSl4,links,https://www.youtube.com/watch?v=hKQwxezrSl4
Controversial AEW Name FIRED! LA Knight MASSIVE PUSH? Drew McIntyre WWE Update! | WrestleTalk,https://www.youtube.com/watch?v=c9C6YiJwB4g,links,https://www.youtube.com/watch?v=c9C6YiJwB4g
HUGE WWE BOTCH? WWE Superstar Spectacle PROBLEMS! AEW Dynamite Review | WrestleTalk,https://www.youtube.com/watch?v=ace7TJm9OZA&t=556s,links,https://www.youtube.com/watch?v=ace7TJm9OZA&t=556s
Top AEW Star CALLS OUT Fans! CM Punk WWE Return In Doubt? MUST-SEE WWE ‘Injury’! | WrestleTalk,https://www.youtube.com/watch?v=1jxJX8ptIz4,links,https://www.youtube.com/watch?v=1jxJX8ptIz4
CM Punk WWE Return Plans! Real Reason For Scrapped WWE Payback Match! WWE Raw Review | WrestleTalk,https://www.youtube.com/watch?v=q89rYRlIp5E,links,https://www.youtube.com/watch?v=q89rYRlIp5E
CM Punk EXPLOSIVE RESPONSE? AEW REMOVE CM Punk Signs At AEW All Out! | WrestleTalk,https://www.youtube.com/watch?v=v0XD6qz0DuA,links,https://www.youtube.com/watch?v=v0XD6qz0DuA
AEW Without CM Punk… IS GREAT! AEW All Out 2023 Review | WrestleTalk,https://www.youtube.com/watch?v=GH4IAIvajVs,links,https://www.youtube.com/watch?v=GH4IAIvajVs
Former WWE Star Makes AEW Debut! New Champion Crowned! AEW ALL OUT 2023 Highlights! | WrestleTalk,https://www.youtube.com/watch?v=HYd6Jznb6YU,links,https://www.youtube.com/watch?v=HYd6Jznb6YU
Why CM Punk Got FIRED By AEW! WWE Return?! | WrestleTalk,https://www.youtube.com/watch?v=Q4uoECP0eGM,links,https://www.youtube.com/watch?v=Q4uoECP0eGM
Major Star RETURNS To WWE! WWE Payback 2023 Review | WrestleTalk,https://www.youtube.com/watch?v=HmXbYjN9zTM,links,https://www.youtube.com/watch?v=HmXbYjN9zTM
CM PUNK FIRED BY AEW! WrestleTalk,https://www.youtube.com/watch?v=VTV8V7JI3iU,links,https://www.youtube.com/watch?v=VTV8V7JI3iU
Real Reason Behind John Cena WWE Return! AEW Star GONE?! WWE SmackDown Review! | WrestleTalk,https://www.youtube.com/watch?v=7Gl16GdjCKM,links,https://www.youtube.com/watch?v=7Gl16GdjCKM
WWE PUNISH Star Due To AEW? AEW All Out REVOLT! John Cena Surprise WWE Plans! | WrestleTalk,https://www.youtube.com/watch?v=XjDB4arsOXI,links,https://www.youtube.com/watch?v=XjDB4arsOXI
Secret WWE Signings? Major Changes To AEW All Out! AEW Dynamite Review | WrestleTalk,https://www.youtube.com/watch?v=oEeq6GALPyM,links,https://www.youtube.com/watch?v=oEeq6GALPyM
CM Punk AEW Fight Overblown? AEW Star Breaks Hand In Frustration? What Is Going On?! | WrestleTalk,https://www.youtube.com/watch?v=S3p-A8ebZRQ,links,https://www.youtube.com/watch?v=S3p-A8ebZRQ
CM Punk Jack Perry SUSPENDED? PULLED From All Out? WWE Raw Review | WrestleTalk,https://www.youtube.com/watch?v=eVTHvLxEAKk,links,https://www.youtube.com/watch?v=eVTHvLxEAKk
More AEW All In HEAT! Mercedes Mone AEW Update | WrestleTalk,https://www.youtube.com/watch?v=fuZCViTdxWk,links,https://www.youtube.com/watch?v=fuZCViTdxWk
Another CM Punk Backstage FIGHT… But AEW All In Was Great! | WrestleTalk,https://www.youtube.com/watch?v=fAvnxTvAotQ,links,https://www.youtube.com/watch?v=fAvnxTvAotQ
10 Fantasy Booking Pitches For WWE Payback 2023 | WrestleTalk,https://www.youtube.com/watch?v=NsGsor3Y6vQ,links,https://www.youtube.com/watch?v=NsGsor3Y6vQ
Another Scrapped AEW All In Match! Tony Khan Replacement! WWE SmackDown Review | WrestleTalk,https://www.youtube.com/watch?v=YCule9z-3b4,links,https://www.youtube.com/watch?v=YCule9z-3b4
PREDICTING WWE Payback 2023...In 3 Words Or Less | The 3-Count,https://www.youtube.com/watch?v=L0s0czCYw_Q,links,https://www.youtube.com/watch?v=L0s0czCYw_Q
Bray Wyatt Cause Of Death Confirmed. WWE & AEW Pay Tribute. WWE Internal Reaction. | WrestleTalk,https://www.youtube.com/watch?v=IuwIkiGr4Ws&t=368s,links,https://www.youtube.com/watch?v=IuwIkiGr4Ws&t=368s
R.I.P Bray Wyatt | WrestleTalk News,https://www.youtube.com/watch?v=TMb10864LVk,links,https://www.youtube.com/watch?v=TMb10864LVk
Real Reason Edge LEAVING WWE! Terry Funk RIP; AEW Dynamite Review | WrestleTalk,https://www.youtube.com/watch?v=PuqUZIGls9Y,links,https://www.youtube.com/watch?v=PuqUZIGls9Y
WWE Morale SLUMP! HUGE Changes Coming To AEW All In! | WrestleTalk,https://www.youtube.com/watch?v=GJsyytlaM8s&t=314s,links,https://www.youtube.com/watch?v=GJsyytlaM8s&t=314s
MAJOR WWE Return! WWE Creative Changed? WWE Raw Review | WrestleTalk,https://www.youtube.com/watch?v=sVrMq1RWSuI,links,https://www.youtube.com/watch?v=sVrMq1RWSuI
MAJOR WWE Star To AEW?! WWE Favorite ‘Not Chosen Guy!’ | WrestleTalk,https://www.youtube.com/watch?v=hWyuyOsovo8,links,https://www.youtube.com/watch?v=hWyuyOsovo8
5 Reasons Why AEW Should Fire CM Punk (And 5 Why They Shouldn’t) | WrestleTalk,https://www.youtube.com/watch?v=H45pxDZXwO8,links,https://www.youtube.com/watch?v=H45pxDZXwO8
Edge WWE Retirement Update! Cash Wheeler AEW All In CONFIRMED? WWE SmackDown Review! | WrestleTalk,https://www.youtube.com/watch?v=UfHFPkCW61k,links,https://www.youtube.com/watch?v=UfHFPkCW61k
BREAKING: TOP AEW STAR ARRESTED! AEW ALL IN DOUBTS? | WrestleTalk,https://www.youtube.com/watch?v=k6d3g9mvUeY,links,https://www.youtube.com/watch?v=k6d3g9mvUeY
New WWE Character ABANDONED? WWE Star Leaving THIS WEEK? AEW Name An ‘Insurance Risk!’ | WrestleTalk,https://www.youtube.com/watch?v=7uOJJ_lZPx8,links,https://www.youtube.com/watch?v=7uOJJ_lZPx8
AEW Talent DEEPLY UNHAPPY! Tony Khan All In Creative BACKLASH? AEW Dynamite Review! | WrestleTalk,https://www.youtube.com/watch?v=j8LAomLg88Y,links,https://www.youtube.com/watch?v=j8LAomLg88Y
Another WWE Star GONE? MORE CM Punk AEW Heat? | WrestleTalk,https://www.youtube.com/watch?v=ZjgbgkSLjnc,links,https://www.youtube.com/watch?v=ZjgbgkSLjnc
WWE Star QUITTING!? CM Punk HEATED Confrontation! WWE Raw Review! | WrestleTalk,https://www.youtube.com/watch?v=Ip232ykfEmg,links,https://www.youtube.com/watch?v=Ip232ykfEmg
AEW Stars SENT HOME Because Of CM Punk? LA Knight Actually Popular? Asuka FIRES BACK! | WrestleTalk,https://www.youtube.com/watch?v=JQJmT968ekY&t=485s,links,https://www.youtube.com/watch?v=JQJmT968ekY&t=485s
9 Biggest Mistakes WWE Made With SummerSlam 2023 | WrestleTalk,https://www.youtube.com/watch?v=7C3SWvCihQA,links,https://www.youtube.com/watch?v=7C3SWvCihQA
Jey Uso QUITS WWE! MAJOR Bloodline Payback Plans SPOILED!? WWE SmackDown Review! | WrestleTalk,https://www.youtube.com/watch?v=_Qqln_xVZI8&t=356s,links,https://www.youtube.com/watch?v=_Qqln_xVZI8&t=356s
Bray Wyatt “Life Threatening” Illness! Triple H SNUBBED By WWE! Vince McMahon ANGRY! | WrestleTalk,https://www.youtube.com/watch?v=vVRf-D0dMeo,links,https://www.youtube.com/watch?v=vVRf-D0dMeo
Why Roman Reigns BEAT Jey Uso! Rhea Ripley Engaged! AEW Dynamite Review | WrestleTalk,https://www.youtube.com/watch?v=m6u1v7dCnvo&t=272s,links,https://www.youtube.com/watch?v=m6u1v7dCnvo&t=272s
WWE LAYOFFS Expected SOON!? Roman Reigns INJURED! Surprising Bloodline Plans REVEALED? | WrestleTalk,https://www.youtube.com/watch?v=ktgOD9BPiuU,links,https://www.youtube.com/watch?v=ktgOD9BPiuU
Controversial Ex-WWE Star RETURN? WWE Champion Injured; WWE Raw Review | WrestleTalk,https://www.youtube.com/watch?v=_dT1DhKdwM0,links,https://www.youtube.com/watch?v=_dT1DhKdwM0
Roman Reigns WWE Frustration! Fans WALK OUT On SummerSlam! AEW Collision! | WrestleTalk,https://www.youtube.com/watch?v=8naE7BFIMCM,links,https://www.youtube.com/watch?v=8naE7BFIMCM
Roman Reigns Title Loss Plans! SHOCK WWE Re-Signing? Brock Lesnar Goes OFF SCRIPT? | WrestleTalk,https://www.youtube.com/watch?v=I-ksbilh7Vs,links,https://www.youtube.com/watch?v=I-ksbilh7Vs
Jimmy Uso TURNS ON Jey Uso! Iyo Sky Cash In! WWE SummerSlam 2023 Review | WrestleTalk,https://www.youtube.com/watch?v=sZEHCZit-Lc,links,https://www.youtube.com/watch?v=sZEHCZit-Lc
Jimmy Uso SCREWS Jey Uso! Jimmy Uso Heel Turn! WWE Summerslam Highlights! | WrestleTalk,https://www.youtube.com/watch?v=v7OmbbXyqmM&t=3s,links,https://www.youtube.com/watch?v=v7OmbbXyqmM&t=3s
WWE Star SECRET Retirement? Randy Orton SummerSlam RETURN!? WWE SmackDown Review! | WrestleTalk,https://www.youtube.com/watch?v=MX51cEkBScI&t=8s,links,https://www.youtube.com/watch?v=MX51cEkBScI&t=8s
Tony Khan AEW Backstage CHAOS! WWE Talent FRUSTRATION? SHOCK SummerSlam Return? | WrestleTalk,https://www.youtube.com/watch?v=Iicb4bUug-4,links,https://www.youtube.com/watch?v=Iicb4bUug-4
Top WWE Star UPSET With Booking? Vince McMahon Search Warrant! AEW Dynamite Review | WrestleTalk,https://www.youtube.com/watch?v=gp0J0e5e1Q4,links,https://www.youtube.com/watch?v=gp0J0e5e1Q4
"BREAKING: The Elite RE-SIGN With AEW! Kenny Omega, Young Bucks, Hangman Adam Page! | WrestleTalk",https://www.youtube.com/watch?v=B1USDjbvK2w,links,https://www.youtube.com/watch?v=B1USDjbvK2w
Randy Orton IGNORING Doctors? Matt Riddle Backstage HEAT?! CM Punk’s Latest Tease! | WrestleTalk,https://www.youtube.com/watch?v=CDrveP_lGnM,links,https://www.youtube.com/watch?v=CDrveP_lGnM
Kevin Owens WWE Retirement?! Major WWE SummerSlam Matches PULLED! WWE Raw Review | WrestleTalk,https://www.youtube.com/watch?v=ZPrvytAW3C8,links,https://www.youtube.com/watch?v=ZPrvytAW3C8
Roman Reigns WWE SummerSlam SPOILER?! CM Punk Declared AEW CHAMPION?! | WrestleTalk,https://www.youtube.com/watch?v=hvoUfY4tjGg,links,https://www.youtube.com/watch?v=hvoUfY4tjGg
10 WWE Stars Vince McMahon Won’t Let Triple H Push | WrestleTalk,https://www.youtube.com/watch?v=icWblRYoxzo,links,https://www.youtube.com/watch?v=icWblRYoxzo
Britt Baker AEW CONFLICT? Vince McMahon LIFE ALTERING Surgery! WWE SmackDown Review! | WrestleTalk,https://www.youtube.com/watch?v=vk-3krWNxxs,links,https://www.youtube.com/watch?v=vk-3krWNxxs
Reviewing EVERY WWE SummerSlam...In 3 Words Or Less | The 3-Count,https://www.youtube.com/watch?v=7SffEQBzXrY,links,https://www.youtube.com/watch?v=7SffEQBzXrY
WWE GIVE UP On Faction? AEW Talent UNHAPPY With Creative! Major All In Plans SCRAPPED? | WrestleTalk,https://www.youtube.com/watch?v=L_tjq6on6Ow,links,https://www.youtube.com/watch?v=L_tjq6on6Ow
AEW Fan BACKLASH! Major AEW Story Dropped? WWE Injuries! AEW Dynamite Review | WrestleTalk,https://www.youtube.com/watch?v=Yjszg1VS9OA,links,https://www.youtube.com/watch?v=Yjszg1VS9OA
Cody Rhodes WWE HEAT! Major WWE SummerSlam Return LEAKED? | WrestleTalk,https://www.youtube.com/watch?v=9q6F7GQ8k7w,links,https://www.youtube.com/watch?v=9q6F7GQ8k7w
LA Knight WWE PUSH! AEW REJECT Bret Hart?! WWE Star LEGIT INJURED! WWE Raw Review | WrestleTalk,https://www.youtube.com/watch?v=ikf2itnOlKk,links,https://www.youtube.com/watch?v=ikf2itnOlKk
WWE ‘DISASTER!’ LA Knight Backstage Heat! Ex AEW Star To WWE?! | WrestleTalk,https://www.youtube.com/watch?v=6GmOAzkxvBE,links,https://www.youtube.com/watch?v=6GmOAzkxvBE
10 Reasons Why Jey Uso Should(n’t) Dethrone Roman Reigns | WrestleTalk,https://www.youtube.com/watch?v=cMiNlrmISBQ,links,https://www.youtube.com/watch?v=cMiNlrmISBQ
REAL REASON LA Knight Lost! MASSIVE SummerSlam Surprise Return? WWE SmackDown Review! | WrestleTalk,https://www.youtube.com/watch?v=tgh6hgy1Iuw,links,https://www.youtube.com/watch?v=tgh6hgy1Iuw
WWE SCARED To Sign AEW Talent! Bray Wyatt WWE Return TEASE? AEW All In Plans REVEALED? | WrestleTalk,https://www.youtube.com/watch?v=a_UaRleGpU8,links,https://www.youtube.com/watch?v=a_UaRleGpU8
Brock Lesnar WWE SCRAPPED Plans! AEW CM Punk Meeting? AEW Blood And Guts Review | WrestleTalk,https://www.youtube.com/watch?v=b_BmWLdYC6g,links,https://www.youtube.com/watch?v=b_BmWLdYC6g
WWE Bloodline REPLACED? Dominik Mysterio WINS WWE TITLE! | WrestleTalk,https://www.youtube.com/watch?v=dioRz7np9Js,links,https://www.youtube.com/watch?v=dioRz7np9Js
NEW Wyatt Family? WWE Star Backstage HEAT! WWE Raw Review | WrestleTalk,https://www.youtube.com/watch?v=tHlurZmciHg,links,https://www.youtube.com/watch?v=tHlurZmciHg
Top AEW Star ATTACKED By Fan! REAL REASON WWE Star QUIT! HHH SHOCKED By WWE Release! | WrestleTalk,https://www.youtube.com/watch?v=LY7ka3pEYFk,links,https://www.youtube.com/watch?v=LY7ka3pEYFk
Fantasy Booking WWE SummerSlam 2023 | WrestleTalk,https://www.youtube.com/watch?v=pSu2WZxe0ts,links,https://www.youtube.com/watch?v=pSu2WZxe0ts
WWE Star Quietly RELEASED? WWE Signing AEW Star? WWE SmackDown Review! | WrestleTalk,https://www.youtube.com/watch?v=DfEHI0Kp3h8,links,https://www.youtube.com/watch?v=DfEHI0Kp3h8
PREDICTING WWE Summerslam 2023...In 3 Words Or Less | The 3-Count,https://www.youtube.com/watch?v=PLVadv5koy0,links,https://www.youtube.com/watch?v=PLVadv5koy0
AEW Stars THREATENED With Fines! Kenny Omega ANGRY! Ex WWE Star Bloodline Return! | WrestleTalk,https://www.youtube.com/watch?v=jk2u8yEwOp0,links,https://www.youtube.com/watch?v=jk2u8yEwOp0
AEW COPYING WWE?! Top Free Agent Chooses AEW! AEW Dynamite Review | WrestleTalk,https://www.youtube.com/watch?v=vtfrJFKrdto,links,https://www.youtube.com/watch?v=vtfrJFKrdto
WWE Backstage ARGUMENT! AEW Star GONE! Major AEW Changes? | WrestleTalk,https://www.youtube.com/watch?v=PJgy5Q6TMhM,links,https://www.youtube.com/watch?v=PJgy5Q6TMhM
Hardy & Cornette BUST-UP! HUGE SmackDown SUCCESS! WWE Raw Review | WrestleTalk,https://www.youtube.com/watch?v=hhL9P0XRXq4,links,https://www.youtube.com/watch?v=hhL9P0XRXq4
AEW DENY CM Punk! LA Knight MEGA PUSH?! Logan Paul CONTROVERSY! | WrestleTalk,https://www.youtube.com/watch?v=MHWS9QDRMkM,links,https://www.youtube.com/watch?v=MHWS9QDRMkM
5 Best & 5 Worst Decisions WWE Made With Money In The Bank 2023 | WrestleTalk,https://www.youtube.com/watch?v=5Dgp4pi6Kr0,links,https://www.youtube.com/watch?v=5Dgp4pi6Kr0
Triple H & Nick Khan To FORCE Vince McMahon Out? WWE Smackdown Review | WrestleTalk,https://www.youtube.com/watch?v=rmW0eFSfnMs,links,https://www.youtube.com/watch?v=rmW0eFSfnMs
MAJOR AEW Signing Confirmed? WWE Lawsuit TWIST! Roman Reigns Banned! | WrestleTalk,https://www.youtube.com/watch?v=rzWxWdUs1zo,links,https://www.youtube.com/watch?v=rzWxWdUs1zo
AEW DISASTER! Top AEW Talent Future In Doubt? Triple H Misses WWE Raw! | WrestleTalk,https://www.youtube.com/watch?v=GKhX09qRwrQ,links,https://www.youtube.com/watch?v=GKhX09qRwrQ
WWE BLOCK AEW! Drew McIntyre NO DEAL! WWE Impressed With Raw! | WrestleTalk,https://www.youtube.com/watch?v=NnTsAzr1_Ak,links,https://www.youtube.com/watch?v=NnTsAzr1_Ak
WWE Didn’t Want Roman Reigns PINNED! AEW Wrestler GONE! WWE Raw Review | WrestleTalk,https://www.youtube.com/watch?v=J4LPzSIBXPg,links,https://www.youtube.com/watch?v=J4LPzSIBXPg
WWE Roman Reigns Plans LEAKED! John Cena WrestleMania SWERVE?! | WrestleTalk,https://www.youtube.com/watch?v=mMebzqcxRHo,links,https://www.youtube.com/watch?v=mMebzqcxRHo
Triple H DENIES WWE Heat! WWE Money in the Bank Backstage News! WrestleMania London! | WrestleTalk,https://www.youtube.com/watch?v=vmnxB_aqlC4,links,https://www.youtube.com/watch?v=vmnxB_aqlC4
REAL REASON For SHOCK WWE FINISH! Roman Reigns PINNED! Money In The Bank 2023 Review! | WrestleTalk,https://www.youtube.com/watch?v=51gV1KA5RoY,links,https://www.youtube.com/watch?v=51gV1KA5RoY
LAST MINUTE Money In The Bank CHANGES? WWE Smackdown Review | WrestleTalk,https://www.youtube.com/watch?v=xz4ZWRhBAiQ,links,https://www.youtube.com/watch?v=xz4ZWRhBAiQ
Reviewing EVERY Money In The Bank Match & Winner...In 3 Words Or Less | The 3-Count,https://www.youtube.com/watch?v=aoRwcjs9rFE,links,https://www.youtube.com/watch?v=aoRwcjs9rFE
MAJOR Money in the Bank Return? AEW GIVE UP On Two Stars? WWE ‘VERY HIGH’ On Star! | WrestleTalk,https://www.youtube.com/watch?v=ZNxFoUus4t8,links,https://www.youtube.com/watch?v=ZNxFoUus4t8
Wrestler Allegedly SCAMS Charities! Sami Charity Raffle PULLED! AEW Dynamite Review | WrestleTalk,https://www.youtube.com/watch?v=snkhhtP-1eY,links,https://www.youtube.com/watch?v=snkhhtP-1eY
Bryan Danielson Injury Worse Than Thought? WWE STOPPING Vince McMahon Changes! | WrestleTalk,https://www.youtube.com/watch?v=NLkGW9YC4vQ,links,https://www.youtube.com/watch?v=NLkGW9YC4vQ
WWE ‘Ecstatic’ With Faction! Vince McMahon Influence GROWING! WWE Raw Review | WrestleTalk,https://www.youtube.com/watch?v=a6CEh-RhDNA,links,https://www.youtube.com/watch?v=a6CEh-RhDNA
Adam Cole CONCERN? CM Punk & The Elite Plans Discussed? MAJOR Forbidden Door Injury! | WrestleTalk,https://www.youtube.com/watch?v=bYp36f7Vr5I,links,https://www.youtube.com/watch?v=bYp36f7Vr5I
Kenny Omega Vs. Will Ospreay BRUTAL MATCH! AEW x NJPW Forbidden Door 2023 Review! | WrestleTalk,https://www.youtube.com/watch?v=cTgGbknubGI,links,https://www.youtube.com/watch?v=cTgGbknubGI
Kenny Omega vs Will Ospreay FIVE STARS! AEW Forbidden Door 2023 REACTIONS! | WrestleTalk,https://www.youtube.com/watch?v=XfBO_lym4uQ,links,https://www.youtube.com/watch?v=XfBO_lym4uQ
9 Ways AEW Can Make Collision The A-Show | WrestleTalk,https://www.youtube.com/watch?v=ulh6L04-d0I,links,https://www.youtube.com/watch?v=ulh6L04-d0I
HEAVY CHANGES To SmackDown! AEW Locker Room ‘Ticking Time Bomb’ WWE SmackDown Review! | WrestleTalk,https://www.youtube.com/watch?v=xsDxDICIsWo,links,https://www.youtube.com/watch?v=xsDxDICIsWo
Ex-WWE Star Signs With AEW! WWE Creative FRUSTRATION! Bryan Danielson INJURED? | WrestleTalk,https://www.youtube.com/watch?v=YrIaPpFgfx8,links,https://www.youtube.com/watch?v=YrIaPpFgfx8
HUGE AEW Matches CANCELED! WWE Star SHOOTS On WWE Booking! AEW Dynamite Review | WrestleTalk,https://www.youtube.com/watch?v=Th50qBKMb80,links,https://www.youtube.com/watch?v=Th50qBKMb80
Big WWE Return SOON? Shock Return On NXT! Vince McMahon Raw Changes! | WrestleTalk,https://www.youtube.com/watch?v=hVr7u0tlWWc,links,https://www.youtube.com/watch?v=hVr7u0tlWWc
CM Punk AEW Promo ‘Hypocrite’! AEW Scrapped Collision Plans! WWE Raw Review | WrestleTalk,https://www.youtube.com/watch?v=xh0PBBKtcTI,links,https://www.youtube.com/watch?v=xh0PBBKtcTI
WWE CONTROVERSY! Wrestlers REFUSE To Work With CM Punk! AEW Collision FALLOUT! | WrestleTalk,https://www.youtube.com/watch?v=6OymB9cTavk,links,https://www.youtube.com/watch?v=6OymB9cTavk
9 More Wrestling Belts That Need Redesigns | WrestleTalk,https://www.youtube.com/watch?v=xAgLjxKXhnY,links,https://www.youtube.com/watch?v=xAgLjxKXhnY
CM Punk RETURNS! SHOOTS On Young Bucks! AEW Collision Reaction | WrestleTalk,https://www.youtube.com/watch?v=cSpJ3ow8a-g,links,https://www.youtube.com/watch?v=cSpJ3ow8a-g
Nick Jackson RESPONDS To CM Punk!? AEW CENSOR ESPN Interview? WWE SmackDown Review! | WrestleTalk,https://www.youtube.com/watch?v=d16T8d18Uqo,links,https://www.youtube.com/watch?v=d16T8d18Uqo
PREDICTING WWE Money in the Bank 2023...In 3 Words Or Less | The 3-Count,https://www.youtube.com/watch?v=ggiom4wW8BU,links,https://www.youtube.com/watch?v=ggiom4wW8BU
CM Punk EXPLOSIVE Interview! Massive Creative Plans REJECTED? SHOTS FIRED At Elite? | WrestleTalk,https://www.youtube.com/watch?v=-BL9rDDyc2I,links,https://www.youtube.com/watch?v=-BL9rDDyc2I
HUGE AEW RETURNS! Big WWE Plans CHANGED! Best AEW Of Year?! AEW Dynamite Review! | WrestleTalk,https://www.youtube.com/watch?v=TXzYf-cgwA0,links,https://www.youtube.com/watch?v=TXzYf-cgwA0
AEW Collision Chaos! Ex-WWE Name Signs With AEW! More Vince McMahon Changes! | WrestleTalk,https://www.youtube.com/watch?v=ym3taGuijfw,links,https://www.youtube.com/watch?v=ym3taGuijfw
AEW Name ARRESTED & FIRED! Vince McMahon & Triple H DISAGREE! WWE Raw Review | WrestleTalk,https://www.youtube.com/watch?v=44keU8_jheY,links,https://www.youtube.com/watch?v=44keU8_jheY
WWE Backstage FRUSTRATION Over New Titles! WWE OVERHAUL? AEW Forbidden Door Conflict? | WrestleTalk,https://www.youtube.com/watch?v=SFl6zLQUSSI,links,https://www.youtube.com/watch?v=SFl6zLQUSSI
9 Fantasy Booking Pitches For WWE Money In The Bank 2023 | WrestleTalk,https://www.youtube.com/watch?v=FUR-eOAFgRA,links,https://www.youtube.com/watch?v=FUR-eOAFgRA
WWE RETIRING A Current Championship! AEW Ratings Crisis! WWE SmackDown Review | WrestleTalk,https://www.youtube.com/watch?v=BsIf_yzA-4s,links,https://www.youtube.com/watch?v=BsIf_yzA-4s
AEW Star FORGOTTEN? HUGE Forbidden Door Plans! NXT Changes Coming? | WrestleTalk,https://www.youtube.com/watch?v=G-m_GBwobLw,links,https://www.youtube.com/watch?v=G-m_GBwobLw
Triple H REJECTED Popular WWE Faction! Mercedes Moné AEW! AEW Dynamite Review | WrestleTalk,https://www.youtube.com/watch?v=L3kDb3zHWz0,links,https://www.youtube.com/watch?v=L3kDb3zHWz0
CM Punk AEW Return Feud Revealed? Injured AEW Wrestler RETURN? WWE NXT | WrestleTalk,https://www.youtube.com/watch?v=-tKq83aVKpQ,links,https://www.youtube.com/watch?v=-tKq83aVKpQ
Top AEW Star REJECTS Return! Vince McMahon CHANGES WWE Raw! WWE Raw Review | WrestleTalk,https://www.youtube.com/watch?v=aVTo_mykM5k,links,https://www.youtube.com/watch?v=aVTo_mykM5k
WWE Star HEAT! Bryan Danielson vs Okada! WWE DENY Cody Rhodes! | WrestleTalk,https://www.youtube.com/watch?v=UISUuAT927Y,links,https://www.youtube.com/watch?v=UISUuAT927Y
20 WWE Wrestlers Who Should(n't) Win Money In The Bank 2023 | WrestleTalk,https://www.youtube.com/watch?v=j7llXv0mfz0,links,https://www.youtube.com/watch?v=j7llXv0mfz0
Sami Zayn BACKSTAGE HEAT!? AEW Stars Threaten CM Punk WALK OUT? WWE Smackdown Review! | WrestleTalk,https://www.youtube.com/watch?v=Qzk9uOJAHEQ,links,https://www.youtube.com/watch?v=Qzk9uOJAHEQ
Reviewing EVERY WWE World Champion...In 3 Words Or Less | The 3-Count,https://www.youtube.com/watch?v=9VOx3NiUN7s,links,https://www.youtube.com/watch?v=9VOx3NiUN7s
WWE Title Being RETIRED!? The Undertaker Wants WWE Return? AEW Fight Forever News! | WrestleTalk,https://www.youtube.com/watch?v=dUVaKruUUmY,links,https://www.youtube.com/watch?v=dUVaKruUUmY
AEW CM Punk Return BACKLASH! WWE Bray Wyatt CLASH! AEW Dynamite Review | WrestleTalk,https://www.youtube.com/watch?v=ABkKcDYTH3w&t=334s,links,https://www.youtube.com/watch?v=ABkKcDYTH3w&t=334s
WWE ‘Secret Rule’! Top WWE Star INJURED! Top AEW Stars MISSING Collision Debut? | WrestleTalk,https://www.youtube.com/watch?v=dfeNndPSqDM,links,https://www.youtube.com/watch?v=dfeNndPSqDM
WWE Fan OUTRAGE! AEW Champion SHOOTS On AEW! WWE Raw Review | WrestleTalk,https://www.youtube.com/watch?v=caT1vwUH0Fc,links,https://www.youtube.com/watch?v=caT1vwUH0Fc
Top AEW Star LEAVING? Goldberg For AEW! Toni Storm SHOOTS! | WrestleTalk,https://www.youtube.com/watch?v=NmkeJ5RjgIU,links,https://www.youtube.com/watch?v=NmkeJ5RjgIU
Chris Jericho Vs Adam Cole… Sucked? AEW Double Or Nothing 2023 Review | WrestleTalk,https://www.youtube.com/watch?v=wNxnCvYA7YE,links,https://www.youtube.com/watch?v=wNxnCvYA7YE
Konosuke Takeshita TURNS On The Elite! AEW Double Or Nothing 2023 Reaction | WrestleTalk,https://www.youtube.com/watch?v=Mqfgb_-Gn4Q,links,https://www.youtube.com/watch?v=Mqfgb_-Gn4Q
HUGE WWE Roman Reigns Twist Coming?! AEW Stars PULL OUT Of Double or Nothing! | WrestleTalk,https://www.youtube.com/watch?v=Ob4NDQiU2xM,links,https://www.youtube.com/watch?v=Ob4NDQiU2xM
SHOCK WWE Championship Change! Roman Reigns Bloodline BREAK UP! WWE Night Of Champions | WrestleTalk,https://www.youtube.com/watch?v=A_z_GMsbaq8,links,https://www.youtube.com/watch?v=A_z_GMsbaq8
Roman Reigns BETRAYED By Jimmy Uso! WWE Night Of Champions 2023 Reaction | WrestleTalk,https://www.youtube.com/watch?v=FwPVwvnnhv0&t=447s,links,https://www.youtube.com/watch?v=FwPVwvnnhv0&t=447s
MASSIVE WWE Roster Changes Coming? Brandi Rhodes AEW SHOOT! WWE Smackdown Review! | WrestleTalk,https://www.youtube.com/watch?v=wxgAZPTAzTQ,links,https://www.youtube.com/watch?v=wxgAZPTAzTQ
WWE Star Set For MAJOR Push! Top AEW Double Or Nothing Match OFF?! | WrestleTalk,https://www.youtube.com/watch?v=yjtBT6KIdTg,links,https://www.youtube.com/watch?v=yjtBT6KIdTg
Major AEW Plans LEAKED! WWE Releases Coming! AEW Dynamite Review | WrestleTalk,https://www.youtube.com/watch?v=DE7rGz_Z9iE&t=431s,links,https://www.youtube.com/watch?v=DE7rGz_Z9iE&t=431s
Roman Reigns Cody Rhodes Rematch SCRAPPED? WWE Moving To Amazon? CM Punk Rumor Killer! | WrestleTalk,https://www.youtube.com/watch?v=utyHHS_2fe8,links,https://www.youtube.com/watch?v=utyHHS_2fe8
AJ Styles SHOOTS On New World Title! AEW Fight Forever! WWE Raw Review | WrestleTalk,https://www.youtube.com/watch?v=tnaFQw6AgKg,links,https://www.youtube.com/watch?v=tnaFQw6AgKg
AEW SUING CM Punk? WWE Hiring Freeze OVER? Huge WWE Heel Turns Coming? | WrestleTalk,https://www.youtube.com/watch?v=2DIlq_leK6c,links,https://www.youtube.com/watch?v=2DIlq_leK6c
9 Ways Triple H Can Make WWE Exciting Again | WrestleTalk,https://www.youtube.com/watch?v=LkZ8MI4koCM,links,https://www.youtube.com/watch?v=LkZ8MI4koCM
AEW HIDING Re-Hire? AEW Fight Forever Release Date! WWE Smackdown Review | WrestleTalk,https://www.youtube.com/watch?v=s7gwhyjfUs4,links,https://www.youtube.com/watch?v=s7gwhyjfUs4
PREDICTING WWE Night of Champions 2023...In 3 Words Or Less | The 3-Count,https://www.youtube.com/watch?v=xn9R2tzl3iw,links,https://www.youtube.com/watch?v=xn9R2tzl3iw
WWE Roman Reigns CONTROVERSY! MAJOR Bloodline Plans LEAKED!? AEW Collision CHANGES! | WrestleTalk,https://www.youtube.com/watch?v=8lRTq_hFRd4&t=501s,links,https://www.youtube.com/watch?v=8lRTq_hFRd4&t=501s
CM Punk & AEW BUST UP! AEW Dynamite Review | WrestleTalk,https://www.youtube.com/watch?v=Oom1pA6fFLI,links,https://www.youtube.com/watch?v=Oom1pA6fFLI
BREAKING: AEW Collision CONFIRMED! HARD AEW Brand Split! | WrestleTalk,https://www.youtube.com/watch?v=lYM_7kiucDE,links,https://www.youtube.com/watch?v=lYM_7kiucDE
WWE Ditching Seth Rollins! AEW Ratings DISASTER! AEW Fight Forever Update! | WrestleTalk,https://www.youtube.com/watch?v=oNBbfpAUo-w,links,https://www.youtube.com/watch?v=oNBbfpAUo-w
WWE TV Future IN DOUBT?! Bray Wyatt CONFUSION? WWE Raw Review | WrestleTalk,https://www.youtube.com/watch?v=8Ne-cfVXt1w,links,https://www.youtube.com/watch?v=8Ne-cfVXt1w
CONCERN Over AEW! SERIOUS Randy Orton Injury | WrestleTalk,https://www.youtube.com/watch?v=icrTIayMOJM,links,https://www.youtube.com/watch?v=icrTIayMOJM
10 Ways WWE Has Already RUINED The Brand Split | WrestleTalk,https://www.youtube.com/watch?v=b7rnHfFN04s,links,https://www.youtube.com/watch?v=b7rnHfFN04s
Vince McMahon GUARANTEED To Run WWE Till DEATH!? Talent WANTS Vince Back In Creative? | WrestleTalk,https://www.youtube.com/watch?v=bVKXZCMHysc,links,https://www.youtube.com/watch?v=bVKXZCMHysc
CM Punk REJECTS Chris Jericho Plans? HAND-PICKS Return Opponent! Edge WWE Retirement? | WrestleTalk,https://www.youtube.com/watch?v=gfxYg2P0eMg&t=23s,links,https://www.youtube.com/watch?v=gfxYg2P0eMg&t=23s
MAJOR STAR Returning To WWE?! HUGE AEW PLANS! AEW Dynamite Review! | WrestleTalk,https://www.youtube.com/watch?v=WufMRhOenqU,links,https://www.youtube.com/watch?v=WufMRhOenqU
Real Reason WWE Brand Split SCRAPPED! Brock Lesnar Backstage! | WrestleTalk,https://www.youtube.com/watch?v=PdSaPXvQcEI&t=214s,links,https://www.youtube.com/watch?v=PdSaPXvQcEI&t=214s
WWE & AEW CRISIS WEEK! WWE’s New Top Star! WWE Raw Review! | WrestleTalk,https://www.youtube.com/watch?v=GvBU2VvGSAI,links,https://www.youtube.com/watch?v=GvBU2VvGSAI
New WWE Logo REVEALED?! Brock Lesnar Bleeding BOTCH?! Carlito WWE Future! | WrestleTalk,https://www.youtube.com/watch?v=SXGTBsSeDKc,links,https://www.youtube.com/watch?v=SXGTBsSeDKc
Drew McIntyre WWE HEAT! Bad Bunny WWE Future! WWE Backlash 2023 News! | WrestleTalk,https://www.youtube.com/watch?v=XHOGPHkIBuM,links,https://www.youtube.com/watch?v=XHOGPHkIBuM
SHOCK WWE RETURNS! WWE’s Cody Rhodes Problem… WWE Backlash 2023 Review | WrestleTalk,https://www.youtube.com/watch?v=6CMdQgWYfK0,links,https://www.youtube.com/watch?v=6CMdQgWYfK0
WWE Brand Split DROPPED!? AEW Rampage Change! WWE Smackdown Review! | WrestleTalk,https://www.youtube.com/watch?v=w7TRgQaY7jU,links,https://www.youtube.com/watch?v=w7TRgQaY7jU
Vince McMahon SQUASHES Lawsuit! Drew McIntyre WWE Future! WWE Backlash 2023 CHANGE! | WrestleTalk,https://www.youtube.com/watch?v=EsEtOevueaA,links,https://www.youtube.com/watch?v=EsEtOevueaA
AEW Shows CANCELED! WWE BANS Blood! Dynamite Review! | WrestleTalk,https://www.youtube.com/watch?v=nDmocwvBkGA,links,https://www.youtube.com/watch?v=nDmocwvBkGA
WWE Backstage ‘Chaos’? WWE Title Vacated! Tony Khan SHOOTS HARD On AEW All In! | WrestleTalk,https://www.youtube.com/watch?v=Tu2v_k2mJt0,links,https://www.youtube.com/watch?v=Tu2v_k2mJt0
WWE & AEW Stars Leave! WWE Confused By WWE Draft 2023! WWE Raw Review | WrestleTalk,https://www.youtube.com/watch?v=XQS0Y84jltM,links,https://www.youtube.com/watch?v=XQS0Y84jltM
Real Reason Bray Wyatt MISSING! WWE Draft 2023 SPOILS Title Change?! | WrestleTalk,https://www.youtube.com/watch?v=CYKhxMzOkMo,links,https://www.youtube.com/watch?v=CYKhxMzOkMo
10 WWE Wrestlers Who Shouldn’t Win The New World Heavyweight Title | WrestleTalk,https://www.youtube.com/watch?v=b7wUaZ9Ev5A,links,https://www.youtube.com/watch?v=b7wUaZ9Ev5A
WWE SHOCK At Vince McMahon Decision! WrestleMania 40 Plans! WWE SmackDown Review! | WrestleTalk,https://www.youtube.com/watch?v=_0mcYrUIq7w&t=700s,links,https://www.youtube.com/watch?v=_0mcYrUIq7w&t=700s
Two MAJOR WWE Stars REMOVED From Draft! WWE Star Gets Name Change! Big E WWE Update! | WrestleTalk,https://www.youtube.com/watch?v=mT40yF4kGd0,links,https://www.youtube.com/watch?v=mT40yF4kGd0
WWE Star DEFECTS To AEW! New WWE Title Winner LEAKED! AEW Review! | WrestleTalk,https://www.youtube.com/watch?v=1u-05LuTRCU,links,https://www.youtube.com/watch?v=1u-05LuTRCU
MAJOR Changes To WWE PPVs? Vince McMahon WWE Plans! CM Punk Wants WWE Return? | WrestleTalk,https://www.youtube.com/watch?v=MIqJJNRfNbI,links,https://www.youtube.com/watch?v=MIqJJNRfNbI
CM Punk WWE RETURN (Backstage)! NEW Top WWE RAW Championship! | WrestleTalk,https://www.youtube.com/watch?v=y2ZV_Ly_sxw,links,https://www.youtube.com/watch?v=y2ZV_Ly_sxw
CRAZY WWE Draft 2023 Plans & SPOILERS! Ex WWE Star RETURNING?! | WrestleTalk,https://www.youtube.com/watch?v=dpCePD-pMDw&t=316s,links,https://www.youtube.com/watch?v=dpCePD-pMDw&t=316s
9 Fantasy Booking Pitches For WWE Backlash 2023 | WrestleTalk,https://www.youtube.com/watch?v=BwcVW0udraw,links,https://www.youtube.com/watch?v=BwcVW0udraw
AEW ‘Not Optimistic’ On CM Punk Return!? Goldberg Set For AEW!? WWE Smackdown Review! | WrestleTalk,https://www.youtube.com/watch?v=366ZAK1hetQ,links,https://www.youtube.com/watch?v=366ZAK1hetQ
Ranking EVERY WWE Title Belt Design...In 3 Words Or Less | The 3-Count,https://www.youtube.com/watch?v=uGvTB0ZJCpQ,links,https://www.youtube.com/watch?v=uGvTB0ZJCpQ
Ex-WWE Wrestler Facing DECADES In Prison? Warner Bros Discovery DITCHING AEW For WWE? | WrestleTalk,https://www.youtube.com/watch?v=vhrZyDXTafg,links,https://www.youtube.com/watch?v=vhrZyDXTafg
WWE Locker Room UPSET! Real Reason Stone Cold Rejected WWE! AEW Dynamite Review! | WrestleTalk,https://www.youtube.com/watch?v=-1Xwy4qSauI,links,https://www.youtube.com/watch?v=-1Xwy4qSauI
Vince McMahon HEAT With Top Star! WWE Debut LEAKED! | WrestleTalk,https://www.youtube.com/watch?v=G4QjWkndS4U,links,https://www.youtube.com/watch?v=G4QjWkndS4U
Becky Lynch TEASES WWE Exit? Cody Rhodes ‘NEVER WANTS TO LOSE’ | WrestleTalk,https://www.youtube.com/watch?v=HuxpT80YUCo,links,https://www.youtube.com/watch?v=HuxpT80YUCo
Cody Rhodes LEAVING WWE Plans?! WWE Releases! CM Punk AEW Collision! | WrestleTalk,https://www.youtube.com/watch?v=jR54od-xMp0,links,https://www.youtube.com/watch?v=jR54od-xMp0
Predicting Every WWE Draft 2023 PICK! | WrestleTalk,https://www.youtube.com/watch?v=j4WCymSHLYM,links,https://www.youtube.com/watch?v=j4WCymSHLYM
The Pipebomb Challenge - The End Of The Wrestle Mania Saga | WrestleTalk,https://www.youtube.com/watch?v=pBKlXUxC-X0,links,https://www.youtube.com/watch?v=pBKlXUxC-X0
Drew McIntyre DONE With WWE? WWE Star Set For MAJOR PUSH!? WWE Smackdown Review! | WrestleTalk,https://www.youtube.com/watch?v=5zB8PdpP7Ys,links,https://www.youtube.com/watch?v=5zB8PdpP7Ys
Predicting WWE Backlash 2023...In 3 Words Or Less | The 3-Count,https://www.youtube.com/watch?v=Uxa5zC8ps54,links,https://www.youtube.com/watch?v=Uxa5zC8ps54
WWE CANCEL Major Event! CM Punk AEW Return CONFIRMED! | WrestleTalk,https://www.youtube.com/watch?v=ZMHqpJqRbjU,links,https://www.youtube.com/watch?v=ZMHqpJqRbjU
The Elite BLOCKING CM Punk AEW Return? Jeff Hardy AEW Dynamite! AEW Dynamite Review! | WrestleTalk,https://www.youtube.com/watch?v=sdGUmsdR2HM,links,https://www.youtube.com/watch?v=sdGUmsdR2HM
Shane McMahon WWE Backstage CLASH? WWE Long-Term Plan SCRAPPED! Concern Over WWE Star! | WrestleTalk,https://www.youtube.com/watch?v=zoNb0A4u44g,links,https://www.youtube.com/watch?v=zoNb0A4u44g
WWE Backstage CHAOS! WWE Return DENIED? WWE Raw Review! | WrestleTalk,https://www.youtube.com/watch?v=EMcp6YM0eMY&t=668s,links,https://www.youtube.com/watch?v=EMcp6YM0eMY&t=668s
Vince McMahon BLOCKS Triple H! TOP WWE Faction BROKEN UP?! | WrestleTalk,https://www.youtube.com/watch?v=-zIPEOki01g,links,https://www.youtube.com/watch?v=-zIPEOki01g
WWE's 10 BIGGEST Mistakes With WrestleMania 39 | WrestleTalk,https://www.youtube.com/watch?v=RgEtRa_6KMY,links,https://www.youtube.com/watch?v=RgEtRa_6KMY
MAJOR STAR LEAVING WWE!? UNHAPPY With Creative!? Vince McMahon at WWE Smackdown? | WrestleTalk,https://www.youtube.com/watch?v=0bVukx0IylA,links,https://www.youtube.com/watch?v=0bVukx0IylA
Triple H LEAVING WWE!? Free Agents REJECTING WWE!? Cody Rhodes WWE Creative Update! | WrestleTalk,https://www.youtube.com/watch?v=Hzm4xX-xiKk,links,https://www.youtube.com/watch?v=Hzm4xX-xiKk
Mass WWE RELEASES!? Vince McMahon Net Worth REVEALED! AEW Jay White Debut! | WrestleTalk,https://www.youtube.com/watch?v=wMkTOK_JedM,links,https://www.youtube.com/watch?v=wMkTOK_JedM
Top WWE Stars To QUIT Due To Vince McMahon! WWE Fan BACKLASH! | WrestleTalk,https://www.youtube.com/watch?v=ZgtrV_DcfYI,links,https://www.youtube.com/watch?v=ZgtrV_DcfYI
Vince McMahon BOOKING WWE! Brock Lesnar Cody Rhodes TURN! WWE Raw! | WrestleTalk,https://www.youtube.com/watch?v=v4RVsUfjZ-Y,links,https://www.youtube.com/watch?v=v4RVsUfjZ-Y
WHY Cody Rhodes LOST!? Multiple WWE Stars UNHAPPY After WrestleMania! | WrestleTalk,https://www.youtube.com/watch?v=CgeMh1Q_i0M&t=189s,links,https://www.youtube.com/watch?v=CgeMh1Q_i0M&t=189s
WWE Roman Reigns SHOULD HAVE LOST! WWE WrestleMania 39 Review | WrestleTalk,https://www.youtube.com/watch?v=qjyI9DFwQwU&t=597s,links,https://www.youtube.com/watch?v=qjyI9DFwQwU&t=597s
Roman Reigns WINS! WWE WrestleMania 39 Night 2 REACTIONS! | WrestleTalk,https://www.youtube.com/watch?v=HQAKBDBhSnI,links,https://www.youtube.com/watch?v=HQAKBDBhSnI
Top WWE Star LEAVES After WrestleMania 39! WWE WrestleMania 2023 Review! | WrestleTalk,https://www.youtube.com/watch?v=6ZbuAov8A40,links,https://www.youtube.com/watch?v=6ZbuAov8A40
Sami Zayn & Kevin Owens BEAT BLOODLINE! | WWE WrestleMania 39 Night One REACTIONS! | WrestleTalk,https://www.youtube.com/watch?v=cM_IXeaB2u0,links,https://www.youtube.com/watch?v=cM_IXeaB2u0
Drew McIntyre Leaving WWE? LAST MINUTE Change For WrestleMania? WWE Smackdown Review! | WrestleTalk,https://www.youtube.com/watch?v=i3KPl65e7II,links,https://www.youtube.com/watch?v=i3KPl65e7II
WWE Accidentally LEAKS WrestleMania Plans! SCRAPPED John Cena WrestleMania Plans! | WrestleTalk,https://www.youtube.com/watch?v=GYQnwZrW93s,links,https://www.youtube.com/watch?v=GYQnwZrW93s
Cody Rhodes WWE Backstage FIGHT! AEW Bryan Danielson HEEL TURN! AEW Dynamite Review! | WrestleTalk,https://www.youtube.com/watch?v=4T49ssmKF7U,links,https://www.youtube.com/watch?v=4T49ssmKF7U
Vince McMahon WWE Return? WWE Sale SOON? Jon Moxley ‘FURIOUS’ With Tony Khan! | WrestleTalk,https://www.youtube.com/watch?v=A9XuFjKX7v8,links,https://www.youtube.com/watch?v=A9XuFjKX7v8
Jon Moxley CM Punk AEW RANT! WWE Women UPSET! WWE Raw Review! | WrestleTalk,https://www.youtube.com/watch?v=wBGz0rDmWSk&t=802s,links,https://www.youtube.com/watch?v=wBGz0rDmWSk&t=802s
MAJOR WWE WrestleMania 39 PLANS! Bray Wyatt WWE Return? | WrestleTalk,https://www.youtube.com/watch?v=KSHDeG_ean4,links,https://www.youtube.com/watch?v=KSHDeG_ean4
10 SHOCKS Triple H Can Book For The Raw After WrestleMania 39 | WrestleTalk,https://www.youtube.com/watch?v=mu-v7RfpryE&t=10s,links,https://www.youtube.com/watch?v=mu-v7RfpryE&t=10s
CM Punk AEW Apology! Bray Wyatt WWE WrestleMania Update! WWE Smackdown Review! | WrestleTalk,https://www.youtube.com/watch?v=9lGSIsg_ifk,links,https://www.youtube.com/watch?v=9lGSIsg_ifk
CM Punk AEW Instagram Story RANT! WWE Star Officially Gone? Shock WrestleMania Plans? | WrestleTalk,https://www.youtube.com/watch?v=s_ePtYvRviE,links,https://www.youtube.com/watch?v=s_ePtYvRviE
WWE Alexa Bliss Masked Singer News! CM Punk AEW Update! AEW Dynamite Review! | WrestleTalk,https://www.youtube.com/watch?v=1ugZzhjqvt0,links,https://www.youtube.com/watch?v=1ugZzhjqvt0
"WrestleTalk UPDATE! 850k Subscribers, New Content and More!",https://www.youtube.com/watch?v=Xrw5ePOzuLY,links,https://www.youtube.com/watch?v=Xrw5ePOzuLY
Roman Reigns LEAVING After WrestleMania? AEW WANT Goldberg! | WrestleTalk,https://www.youtube.com/watch?v=0Jlh7GUl02E&t=304s,links,https://www.youtube.com/watch?v=0Jlh7GUl02E&t=304s
WWE Roman Reigns DONE? Nia Jax To AEW? WWE Raw Review | WrestleTalk,https://www.youtube.com/watch?v=16Ck9z4z_ZA,links,https://www.youtube.com/watch?v=16Ck9z4z_ZA
TOP AEW Stars To WWE?! Bray Wyatt Writer GONE! | WrestleTalk,https://www.youtube.com/watch?v=8OhN5ri8JQg,links,https://www.youtube.com/watch?v=8OhN5ri8JQg
20 WWE Wrestlers Who Could Win King & Queen Of The Ring | WrestleTalk,https://www.youtube.com/watch?v=_WO1OaI08wc,links,https://www.youtube.com/watch?v=_WO1OaI08wc
Sami Zayn WWE DISAPPOINTMENT! Bray Wyatt WWE News! WWE Smackdown Review! | WrestleTalk,https://www.youtube.com/watch?v=IPRJ0Ah3_9o,links,https://www.youtube.com/watch?v=IPRJ0Ah3_9o
Top WWE SmackDown Talent GONE?! MASS WWE Releases COMING?! | WrestleTalk,https://www.youtube.com/watch?v=RdJs6vl4RDs&t=17s,links,https://www.youtube.com/watch?v=RdJs6vl4RDs&t=17s
AEW Dynamite BOTCH? Brock Lesnar WrestleMania Plans Truth! AEW Dynamite Review! | WrestleTalk,https://www.youtube.com/watch?v=HAG9H6W9J1I,links,https://www.youtube.com/watch?v=HAG9H6W9J1I
WWE Stars LEAVE! Jon Moxley UNHAPPY With AEW! | WrestleTalk,https://www.youtube.com/watch?v=BKtKId8in3I,links,https://www.youtube.com/watch?v=BKtKId8in3I
Bray Wyatt ‘Walk Out’ TRUTH! Roman Reigns vs Stone Cold REJECTED! WWE Raw Review! | WrestleTalk,https://www.youtube.com/watch?v=ppCKH9QES2A,links,https://www.youtube.com/watch?v=ppCKH9QES2A
Another AEW In-Ring TV Show Confirmed? WWE Hall Of Fame Leaks! Top AAA Star Suspended | WrestleTalk,https://www.youtube.com/watch?v=LdWzbaL2x7g,links,https://www.youtube.com/watch?v=LdWzbaL2x7g
10 Pitches For Jay White’s WWE or AEW Debut | WrestleTalk,https://www.youtube.com/watch?v=1pCgwl8FUQY,links,https://www.youtube.com/watch?v=1pCgwl8FUQY
MAJOR Forbidden Door Inductee For WWE HOF? The Elite AEW Update! WWE Smackdown Review! | WrestleTalk,https://www.youtube.com/watch?v=21s7jZYROtw,links,https://www.youtube.com/watch?v=21s7jZYROtw
Reviewing EVERY WWE WrestleMania...In 3 Words Or Less | The 3-Count,https://www.youtube.com/watch?v=7-WOiqqLt3s,links,https://www.youtube.com/watch?v=7-WOiqqLt3s
Backstage WWE Conflict? Major WWE Summerslam Plans Revealed? | WrestleTalk,https://www.youtube.com/watch?v=zFlibg-qH2s&t=3s,links,https://www.youtube.com/watch?v=zFlibg-qH2s&t=3s
WWE Star QUITS! Real Reason For Austin Theory Raw Burial! AEW Dynamite Review! | WrestleTalk,https://www.youtube.com/watch?v=_u5Ao1yvM8I,links,https://www.youtube.com/watch?v=_u5Ao1yvM8I
Wardlow’s TNT Title STOLEN! AEW FORCES WWE Booking Change! | WrestleTalk,https://www.youtube.com/watch?v=_8urmHZADGw&t=16s,links,https://www.youtube.com/watch?v=_8urmHZADGw&t=16s
Most Emotional Story Ever? WWE Elimination Chamber 2023 Review | Go Home Show,https://www.youtube.com/watch?v=p3lRSUIB0hU,links,https://www.youtube.com/watch?v=p3lRSUIB0hU
WWE Stars UPSET With WWE! Vince McMahon Backstage at Raw! WWE Raw Review! | WrestleTalk,https://www.youtube.com/watch?v=TWFNOYxFq34,links,https://www.youtube.com/watch?v=TWFNOYxFq34
MAJOR HEAT On MJF? CM Punk References! AEW Revolution 2023 Backstage Notes! | WrestleTalk News,https://www.youtube.com/watch?v=LtMKFjD2O48&t=399s,links,https://www.youtube.com/watch?v=LtMKFjD2O48&t=399s
MJF Vs Bryan Danielson Was 5 Stars. AEW Revolution 2023 Review | WrestleTalk,https://www.youtube.com/watch?v=PgQgF89dIEw&t=359s,links,https://www.youtube.com/watch?v=PgQgF89dIEw&t=359s
MJF BEATS Bryan Danielson! AEW Revolution 2023 REACTIONS! | WrestleTalk,https://www.youtube.com/watch?v=b1ol4idYvkQ,links,https://www.youtube.com/watch?v=b1ol4idYvkQ
10 Changes Triple H Could Make To WWE After WrestleMania 39 | WrestleTalk,https://www.youtube.com/watch?v=qzIR3Q5lXM0,links,https://www.youtube.com/watch?v=qzIR3Q5lXM0
Brock Lesnar RETIRING!? Lacey Evans Offensive Post Backlash! WWE Smackdown Review! | WrestleTalk,https://www.youtube.com/watch?v=ZXjU0g757mk,links,https://www.youtube.com/watch?v=ZXjU0g757mk
Ronda Rousey REJECTS Major WrestleMania Match! Jay White To WWE? | WrestleTalk,https://www.youtube.com/watch?v=Oml8G1saTP0,links,https://www.youtube.com/watch?v=Oml8G1saTP0
Eddie Kingston QUITS AEW! Vince McMahon Creative Return Confirmed? AEW Dynamite Review | WrestleTalk,https://www.youtube.com/watch?v=rHD5aguk-tg,links,https://www.youtube.com/watch?v=rHD5aguk-tg
What's Wrong With... WWE Hell in a Cell 2019 | WrestleTalk,https://www.youtube.com/watch?v=f9P8TWLN-9o,links,https://www.youtube.com/watch?v=f9P8TWLN-9o
WWE Raw Star HUGE Push? Kenny Omega Speaks On Brawl Out! Eddie Kingston UPSET With AEW | WrestleTalk,https://www.youtube.com/watch?v=cBNDycPlMkE,links,https://www.youtube.com/watch?v=cBNDycPlMkE
Sami Zayn vs Roman Reigns Rematch! Demon Finn Balor at WrestleMania? WWE Raw Review! | WrestleTalk,https://www.youtube.com/watch?v=yuIePhR3GPM,links,https://www.youtube.com/watch?v=yuIePhR3GPM
WWE ‘GO HARD’ For TOP AEW Stars! | WrestleTalk,https://www.youtube.com/watch?v=Zfdq5zoMKd8,links,https://www.youtube.com/watch?v=Zfdq5zoMKd8
11 Adam Blampied Pitches For WWE WrestleMania 39 | WrestleTalk,https://www.youtube.com/watch?v=Y34amETeGe8,links,https://www.youtube.com/watch?v=Y34amETeGe8
Sami Zayn To Main Event WrestleMania? Kenny Omega To WWE Update! WWE Smackdown Review! | WrestleTalk,https://www.youtube.com/watch?v=9MOQkx0F6VI,links,https://www.youtube.com/watch?v=9MOQkx0F6VI
Predicting WWE WrestleMania 39 In 3 Words Or Less | The 3-Count,https://www.youtube.com/watch?v=pkArC7VsHf4,links,https://www.youtube.com/watch?v=pkArC7VsHf4
WWE CONCERN Over Sami Zayn Chants? No Creative Plans For WWE Star? Jeff Hardy Update! | WrestleTalk,https://www.youtube.com/watch?v=2EkxVNtfbJo&t=232s,links,https://www.youtube.com/watch?v=2EkxVNtfbJo&t=232s
WWE Talent FEAR Vince McMahon Return? SHOCK WWE Heel Turn? AEW Dynamite Review! | WrestleTalk,https://www.youtube.com/watch?v=9NfEY5brk4c,links,https://www.youtube.com/watch?v=9NfEY5brk4c
Is Vince McMahon Back In WWE Creative? WWE Morale LOW?! | WrestleTalk,https://www.youtube.com/watch?v=LyBwfwo4Hl8&t=274s,links,https://www.youtube.com/watch?v=LyBwfwo4Hl8&t=274s
MAJOR Creative Change on WWE Raw! Ariel Helwani SHOOTS on Tony Khan! WWE Raw Review! | WrestleTalk,https://www.youtube.com/watch?v=-GOVEU6S4ig,links,https://www.youtube.com/watch?v=-GOVEU6S4ig
AEW BOTCH! Real Reason Triple H Re-Signed WWE Stars! | WrestleTalk,https://www.youtube.com/watch?v=5nrC93I8EF4,links,https://www.youtube.com/watch?v=5nrC93I8EF4
WWE SHOOTS On AEW! WWE Elimination Chamber Backstage Notes! CM Punk NJPW! | WrestleTalk,https://www.youtube.com/watch?v=t5dSf3uvAI4,links,https://www.youtube.com/watch?v=t5dSf3uvAI4
Sami Zayn FAILS Against Roman Reigns! WWE Elimination Chamber 2023 Review | WrestleTalk,https://www.youtube.com/watch?v=zJ3Rdb2wB6k,links,https://www.youtube.com/watch?v=zJ3Rdb2wB6k
Sami Zayn LOSES Against Roman Reigns! WWE Elimination Chamber 2023 REACTIONS! | WrestleTalk,https://www.youtube.com/watch?v=-GoUIfFwmek&t=313s,links,https://www.youtube.com/watch?v=-GoUIfFwmek&t=313s
Kenny Omega Contract Expiring? WWE to Change Sami Zayn Plans? WWE Smackdown Review! | WrestleTalk,https://www.youtube.com/watch?v=Xqy5sB2Md7s,links,https://www.youtube.com/watch?v=Xqy5sB2Md7s
If Cody Rhodes ‘Guaranteed’ Title Win! Major AEW Revolution Match? Jay White Update | WrestleTalk,https://www.youtube.com/watch?v=729OB1BJk0Q,links,https://www.youtube.com/watch?v=729OB1BJk0Q
Controversial AEW Talent Apologizes to Locker Room! AEW Dynamite Review! | WrestleTalk,https://www.youtube.com/watch?v=MVr96ov74Fc,links,https://www.youtube.com/watch?v=MVr96ov74Fc
CM Punk AEW HEAT Update! WWE Lawsuit Thrown Out! Jerry Jarrett Passes Away. | WrestleTalk,https://www.youtube.com/watch?v=x5LK_CBGzU4,links,https://www.youtube.com/watch?v=x5LK_CBGzU4
FTR Heading to WWE? Major Raw Return Angle Scrapped? WWE Raw Review! | WrestleTalk,https://www.youtube.com/watch?v=abAKQyF38Ks,links,https://www.youtube.com/watch?v=abAKQyF38Ks
AEW Boss SHOOTS Hard On WWE! CM Punk Return? | WrestleTalk,https://www.youtube.com/watch?v=fS-gh3fCSy0,links,https://www.youtube.com/watch?v=fS-gh3fCSy0
Secret Backstage War! WWE Royal Rumble 2023 Review | Go Home Show,https://www.youtube.com/watch?v=_18egvqdLik,links,https://www.youtube.com/watch?v=_18egvqdLik
Triple H SCRAPS WWE Push! Kota Ibushi Wants WWE Move? WWE Smackdown Review! | WrestleTalk,https://www.youtube.com/watch?v=eIPmVA0vAJY&t=587s,links,https://www.youtube.com/watch?v=eIPmVA0vAJY&t=587s
CM Punk AEW Return!? MJF Dynamite Controversy! Huge Title Match Set For Revolution? | WrestleTalk,https://www.youtube.com/watch?v=eaA7RpeKww0,links,https://www.youtube.com/watch?v=eaA7RpeKww0
Fan OUTRAGE At AEW Dynamite! WWE Legend In-Ring Return? AEW Dynamite Review | WrestleTalk,https://www.youtube.com/watch?v=T_pv4-w_hL8,links,https://www.youtube.com/watch?v=T_pv4-w_hL8
AEW Young Bucks HEAT! WWE Star ‘SUSPENDED’! Jerry Lawler Update | WrestleTalk,https://www.youtube.com/watch?v=p1OkzNnZ5zU,links,https://www.youtube.com/watch?v=p1OkzNnZ5zU
Naomi DONE With WWE? Tony Khan WWE Interest Update! WWE Raw Review! | WrestleTalk,https://www.youtube.com/watch?v=-HDc6ufn1z0,links,https://www.youtube.com/watch?v=-HDc6ufn1z0
WWE ‘TARGETING’ AEW?! WWE Sale ‘HURT’?! WWE Twitter Heat! | WrestleTalk,https://www.youtube.com/watch?v=aYrwb2ZnvY4,links,https://www.youtube.com/watch?v=aYrwb2ZnvY4
8 Pitches For WWE To Split The Universal WWE Undisputed Championship | WrestleTalk,https://www.youtube.com/watch?v=WxwJ9gA_FIE&t=288s,links,https://www.youtube.com/watch?v=WxwJ9gA_FIE&t=288s
Roman Reigns vs Sami Zayn Announced! Major WWE Buyer Pulls Out? WWE Smackdown Review! | WrestleTalk,https://www.youtube.com/watch?v=LFTSdyNPTzE,links,https://www.youtube.com/watch?v=LFTSdyNPTzE
Predicting WWE Elimination Chamber 2023... In 3 Words Or Less | The 3-Count,https://www.youtube.com/watch?v=zuhyEvYVgYI,links,https://www.youtube.com/watch?v=zuhyEvYVgYI
Vince McMahon to Step Down After Sale? Update on WWE Sale! HBK Comments on Mandy Rose! | WrestleTalk,https://www.youtube.com/watch?v=7OYwlFaRLl0,links,https://www.youtube.com/watch?v=7OYwlFaRLl0
Brock Lesnar Backstage HEAT!? AEW to Sign TOP Free Agent? AEW Dynamite Review! | WrestleTalk,https://www.youtube.com/watch?v=RgT8EoNCD7Y,links,https://www.youtube.com/watch?v=RgT8EoNCD7Y
Sami Zayn Not A Main Eventer To WWE?! Huge Austin & Cena WrestleMania Updates | WrestleTalk,https://www.youtube.com/watch?v=hNl1Hont5RU&t=440s,links,https://www.youtube.com/watch?v=hNl1Hont5RU&t=440s
REAL REASON Roman Reigns vs Cody Rhodes Announced! WWE Raw Review! | WrestleTalk,https://www.youtube.com/watch?v=otCaORMvZBE&t=551s,links,https://www.youtube.com/watch?v=otCaORMvZBE&t=551s
MAJOR Sami Zayn Vs Roman Reigns WWE Plans LEAKED! | WrestleTalk,https://www.youtube.com/watch?v=piR2f3nZ9YM,links,https://www.youtube.com/watch?v=piR2f3nZ9YM
Crazy Royal Rumble Botch! Royal Rumble Winner Injured? The Rock Status Update! | WrestleTalk,https://www.youtube.com/watch?v=Ur0CMnJQwI4&t=231s,links,https://www.youtube.com/watch?v=Ur0CMnJQwI4&t=231s
Sami Zayn VS Roman Reigns! Nia Jax RETURNS! WWE Royal Rumble 2023 Review | WrestleTalk,https://www.youtube.com/watch?v=Pp7jzV0J7uM,links,https://www.youtube.com/watch?v=Pp7jzV0J7uM
Sami Zayn BETRAYS Roman Reigns! WWE Royal Rumble 2023 REACTION | WrestleTalk,https://www.youtube.com/watch?v=MOFPMGh3Dqc,links,https://www.youtube.com/watch?v=MOFPMGh3Dqc
WWE Executive GONE! Why Stephanie McMahon LEFT WWE! WWE SmackDown Review | WrestleTalk,https://www.youtube.com/watch?v=pQYc7njOqHw,links,https://www.youtube.com/watch?v=pQYc7njOqHw
WWE Royal Rumble 2023 Plans CHANGED! Kenny Omega BLOCKED! AEW Star SUED! | WrestleTalk,https://www.youtube.com/watch?v=zsrmdzBWXl8,links,https://www.youtube.com/watch?v=zsrmdzBWXl8
WWE Royal Rumble 2021 Winner CHANGED! Vince McMahon Sued Again; AEW Dynamite Review | WrestleTalk,https://www.youtube.com/watch?v=euNfcxLnvLQ,links,https://www.youtube.com/watch?v=euNfcxLnvLQ
AEW Star Leaving Soon? WWE Backstage “Very Happy”! | WrestleTalk,https://www.youtube.com/watch?v=iWh3lXMXi8Y,links,https://www.youtube.com/watch?v=iWh3lXMXi8Y
Raw 30 Major WWE Heat! WrestleMania 39 Main Event Changed? WWE Raw Review | WrestleTalk,https://www.youtube.com/watch?v=jZGIFUxGSok,links,https://www.youtube.com/watch?v=jZGIFUxGSok
Backstage Heat On WWE Returns? BIG WWE Royal Rumble Returns LEAKED?! | WrestleTalk,https://www.youtube.com/watch?v=_VhFfOkta0E,links,https://www.youtube.com/watch?v=_VhFfOkta0E
Predicting All 30 Entrants In The 2023 Men's Royal Rumble | WrestleTalk,https://www.youtube.com/watch?v=WRkQZj19QCI,links,https://www.youtube.com/watch?v=WRkQZj19QCI
Top WWE Star Pulled From Royal Rumble? WWE Begin Employee Cuts? WWE Smackdown Review! | WrestleTalk,https://www.youtube.com/watch?v=dDBiLSsK_2E,links,https://www.youtube.com/watch?v=dDBiLSsK_2E
Vince McMahon Pays MILLIONS to Alleged Victim! WWE Hints The Rock Royal Rumble Return! | WrestleTalk,https://www.youtube.com/watch?v=g6GUKs61tuY,links,https://www.youtube.com/watch?v=g6GUKs61tuY
WarnerMedia BLOCK Jay Briscoe AEW Tribute Show? AEW Dynamite Review | WrestleTalk,https://www.youtube.com/watch?v=UVT_HLn83KY,links,https://www.youtube.com/watch?v=UVT_HLn83KY
Jay Briscoe Passes Away; WWE Sale Blocked? Shocking WWE Departure | WrestleTalk,https://www.youtube.com/watch?v=ejet4gEwdxo,links,https://www.youtube.com/watch?v=ejet4gEwdxo
Cody Rhodes Royal Rumble Return! WrestleMania 39 Plans In Danger? WWE Raw Review | WrestleTalk,https://www.youtube.com/watch?v=sazaD8FwG6E,links,https://www.youtube.com/watch?v=sazaD8FwG6E
Vince McMahon JEALOUS Of Triple H?! MAJOR WWE RETURNS! | WrestleTalk,https://www.youtube.com/watch?v=xam2U6MDk14,links,https://www.youtube.com/watch?v=xam2U6MDk14
8 Things Vince McMahon Could Do To WWE In 2023 | WrestleTalk,https://www.youtube.com/watch?v=Nh3yMYwJLvc,links,https://www.youtube.com/watch?v=Nh3yMYwJLvc
Vince McMahon Royal Rumble Return? WWE Talent Meeting Held! WWE Smackdown Review! | WrestleTalk,https://www.youtube.com/watch?v=wZhvDGKJPlA,links,https://www.youtube.com/watch?v=wZhvDGKJPlA
Tony Khan BUYING WWE? AEW/WWE Merger? Stephanie McMahon & Triple H AGAINST WWE Sale! | WrestleTalk,https://www.youtube.com/watch?v=Gkz38OJF38Q,links,https://www.youtube.com/watch?v=Gkz38OJF38Q
"10 SHOCKING WWE ROYAL RUMBLE 2023 SURPRISES! | Tables, Lists & Chairs",https://www.youtube.com/watch?v=707mFtGaM7Q,links,https://www.youtube.com/watch?v=707mFtGaM7Q
Vince McMahon SUED For Hostile WWE Takeover! Not Selling WWE?! AEW Dynamite Review! | WrestleTalk,https://www.youtube.com/watch?v=5ZTmyuxD-Yw,links,https://www.youtube.com/watch?v=5ZTmyuxD-Yw
Vince McMahon Is KILLING WWE! WWE SOLD To Saudi Arabia? | WrestleTalk,https://www.youtube.com/watch?v=pRvV8TGmZPs,links,https://www.youtube.com/watch?v=pRvV8TGmZPs
BREAKING: Stephanie McMahon RESIGNS! Vince McMahon Elected WWE Executive Chairman! | WrestleTalk,https://www.youtube.com/watch?v=nBJP79q2UlU,links,https://www.youtube.com/watch?v=nBJP79q2UlU
Uncle Howdy Identity REVEALED?! Tessa Blanchard Divorce; WWE Raw Review | WrestleTalk,https://www.youtube.com/watch?v=MFpxQJOnkYg,links,https://www.youtube.com/watch?v=MFpxQJOnkYg
Vince McMahon WWE THREAT! Triple H Royal Rumble 2023 Surprises! | WrestleTalk,https://www.youtube.com/watch?v=Z0By9Hj7gGk,links,https://www.youtube.com/watch?v=Z0By9Hj7gGk
Predicting EVERY WWE Wrestler's Royal Rumble...In 3 Words Or Less | The 3-Count,https://www.youtube.com/watch?v=6RBfOTI-rmo,links,https://www.youtube.com/watch?v=6RBfOTI-rmo
Saudi Arabia to Buy WWE? Latest WWE Employee Meeting Fallout! WWE Smackdown Review! | WrestleTalk,https://www.youtube.com/watch?v=pe4Tn0lTVz8,links,https://www.youtube.com/watch?v=pe4Tn0lTVz8
How Vince McMahon Seized Back Control Of WWE | WrestleTalk,https://www.youtube.com/watch?v=5-yIhkXrfm0,links,https://www.youtube.com/watch?v=5-yIhkXrfm0
BREAKING: Vince McMahon WWE Return Confirmed. | WrestleTalk,https://www.youtube.com/watch?v=3RyqEqalb5Q,links,https://www.youtube.com/watch?v=3RyqEqalb5Q
Sasha Banks AEW Debut SCRAPPED? But Still Happening? AEW Dynamite Review! | WrestleTalk,https://www.youtube.com/watch?v=xoNZSq_BKV4,links,https://www.youtube.com/watch?v=xoNZSq_BKV4
Dax Harwood Podcast CANCELED Soon?! Will Ospreay WWE Match? Naomi Returning To WWE? | WrestleTalk,https://www.youtube.com/watch?v=BvYhdYYv2DM,links,https://www.youtube.com/watch?v=BvYhdYYv2DM
Sasha Banks NEW JAPAN DEBUT! GONE From WWE! | WrestleTalk,https://www.youtube.com/watch?v=TT9kleXnj2c,links,https://www.youtube.com/watch?v=TT9kleXnj2c
WWE Star Gone?! John Cena vs Cody Rhodes?! WWE Raw Review | WrestleTalk,https://www.youtube.com/watch?v=eGUp_B4g8m0,links,https://www.youtube.com/watch?v=eGUp_B4g8m0
Sammy Guevara & Tony Khan AEW HEAT! Mandy Rose FanTime $1M! | WrestleTalk,https://www.youtube.com/watch?v=xeQYEvzWneE,links,https://www.youtube.com/watch?v=xeQYEvzWneE
Charlotte Flair RETURNS & Immediately Wins Title… WWE SmackDown Review! | WrestleTalk,https://www.youtube.com/watch?v=Lja7bmSVTfM,links,https://www.youtube.com/watch?v=Lja7bmSVTfM
HUGE AEW Fallout To New WWE Signing! | WrestleTalk,https://www.youtube.com/watch?v=uOyy6CadtzU,links,https://www.youtube.com/watch?v=uOyy6CadtzU
Charlotte Flair WWE Heat Explained! CM Punk Responds! AEW Dynamite Review | WrestleTalk,https://www.youtube.com/watch?v=kMHSwLozN6Y,links,https://www.youtube.com/watch?v=kMHSwLozN6Y
MAJOR WWE Return BLOCKED! CM Punk News! | WrestleTalk,https://www.youtube.com/watch?v=D1ob8tn4Nis,links,https://www.youtube.com/watch?v=D1ob8tn4Nis
Predicting EVERY AEW WRESTLER'S 2023...In 3 Words Or Less | The 3-Count,https://www.youtube.com/watch?v=Z26LdBndT4k,links,https://www.youtube.com/watch?v=Z26LdBndT4k
Predicting EVERY WWE WRESTLER'S 2023...In 3 Words Or Less | The 3-Count,https://www.youtube.com/watch?v=GO5z8GpQA4s,links,https://www.youtube.com/watch?v=GO5z8GpQA4s
Wrestling In 2022 Was INSANE.,https://www.youtube.com/watch?v=1cna_A-nrNY,links,https://www.youtube.com/watch?v=1cna_A-nrNY
Triple H Threatens WWE Firing! AEW Rumor Killer! WWE Smackdown Review! | WrestleTalk,https://www.youtube.com/watch?v=YnNfUY2rHDY,links,https://www.youtube.com/watch?v=YnNfUY2rHDY
REAL REASON Behind Miro Absence Revealed? AEW Star Teases Working with Cody Rhodes! | WrestleTalk,https://www.youtube.com/watch?v=0V5zm3EezJ0,links,https://www.youtube.com/watch?v=0V5zm3EezJ0
Edge WWE Contract Expiring VERY SOON? Matt Riddle Breaks Silence! AEW Dynamite Review! | WrestleTalk,https://www.youtube.com/watch?v=HauYP_pyBfI,links,https://www.youtube.com/watch?v=HauYP_pyBfI
Lacey Evans Social Media CONTROVERSY! Mandy Rose Earns HUGE! More WWE Returns! | WrestleTalk,https://www.youtube.com/watch?v=FLQj911QZp8,links,https://www.youtube.com/watch?v=FLQj911QZp8
Kenny Omega AEW Contract Update! More WWE Intergender Matches? WWE Raw Review | WrestleTalk,https://www.youtube.com/watch?v=JIM3wqsI1FA,links,https://www.youtube.com/watch?v=JIM3wqsI1FA
HUGE WWE Royal Rumble 2023 Match & Return Leaked? Cody Rhodes Cleared To Return Soon? | WrestleTalk,https://www.youtube.com/watch?v=Vj5yi6odCs0,links,https://www.youtube.com/watch?v=Vj5yi6odCs0
10 AEW Shocks Tony Khan Can Book In 2023 | WrestleTalk,https://www.youtube.com/watch?v=rqLUp4uQSIk,links,https://www.youtube.com/watch?v=rqLUp4uQSIk
Uncle Howdy Revealed? Forbidden Door Royal Rumble Entrant? WWE Smackdown Review! | WrestleTalk,https://www.youtube.com/watch?v=x_WLugCiWso,links,https://www.youtube.com/watch?v=x_WLugCiWso
Vince McMahon WWE Return Likely? Mandy Rose to Impact Wrestling? | WrestleTalk,https://www.youtube.com/watch?v=xr_o4csA88w,links,https://www.youtube.com/watch?v=xr_o4csA88w
Real Reason For Mandy Rose WWE Release! HHH REGRETS WWE Returns? AEW Dynamite Review | WrestleTalk,https://www.youtube.com/watch?v=zoz4I9e56zo,links,https://www.youtube.com/watch?v=zoz4I9e56zo
BREAKING: WWE RELEASE Mandy Rose! | WrestleTalk,https://www.youtube.com/watch?v=X3BtmuuubXg,links,https://www.youtube.com/watch?v=X3BtmuuubXg
Vince McMahon WWE Return Backstage Reaction! WWE Raw TERRIBLE Rating! | WrestleTalk,https://www.youtube.com/watch?v=6MJmVy1Nf5Q,links,https://www.youtube.com/watch?v=6MJmVy1Nf5Q
BREAKING: Vince McMahon RETURNING To Power In WWE? | WrestleTalk,https://www.youtube.com/watch?v=LFMz0i4he3k,links,https://www.youtube.com/watch?v=LFMz0i4he3k
Matt Riddle SUSPENDED By WWE! HUGE AEW Hire! WWE Raw Review | WrestleTalk,https://www.youtube.com/watch?v=wVYni9cvw5k,links,https://www.youtube.com/watch?v=wVYni9cvw5k
AEW Star SUSPENDED! Ronda Rousey DONE With WWE Singles Run? | WrestleTalk,https://www.youtube.com/watch?v=j5Ms7aQISnI,links,https://www.youtube.com/watch?v=j5Ms7aQISnI
7 William Regal WWE Return Fantasy Booking Ideas | WrestleTalk,https://www.youtube.com/watch?v=nKFPm7iDRJ0,links,https://www.youtube.com/watch?v=nKFPm7iDRJ0
Two Defenses for Roman Reigns at WrestleMania? John Cena Return! WWE Smackdown Review! | WrestleTalk,https://www.youtube.com/watch?v=7ioHQC1W8fA,links,https://www.youtube.com/watch?v=7ioHQC1W8fA
Sasha Banks Appearing at WrestleKingdom 17!? Update on WWE Status & AEW Interest! | WrestleTalk,https://www.youtube.com/watch?v=YhdoMzbxHy8,links,https://www.youtube.com/watch?v=YhdoMzbxHy8
Tony Khan BANS William Regal From WWE TV! CM Punk Teases WWE Move? AEW Dynamite Review | WrestleTalk,https://www.youtube.com/watch?v=hURb6RqoyA0,links,https://www.youtube.com/watch?v=hURb6RqoyA0
The Usos SHOOT On Other Tag Teams! Bray Wyatt Faction Members! | WrestleTalk,https://www.youtube.com/watch?v=rH7rqEHOSsc,links,https://www.youtube.com/watch?v=rH7rqEHOSsc
No Plans For WWE SmackDown Star! AEW Rampage DISASTER! WWE Raw Review | WrestleTalk,https://www.youtube.com/watch?v=kFAjNSa6lvc,links,https://www.youtube.com/watch?v=kFAjNSa6lvc
REAL REASON AEW Star LEAVING For WWE! | WrestleTalk,https://www.youtube.com/watch?v=NGOyBQV_mtY,links,https://www.youtube.com/watch?v=NGOyBQV_mtY
9 Fantasy Booking Ideas For Sami Zayn In The Bloodline | WrestleTalk,https://www.youtube.com/watch?v=DR2B7GLK_GM,links,https://www.youtube.com/watch?v=DR2B7GLK_GM
CM Punk Done With AEW? The Rock WWE Return Plans Revealed? WWE Smackdown Review! | WrestleTalk,https://www.youtube.com/watch?v=l7dLKMi_7vA,links,https://www.youtube.com/watch?v=l7dLKMi_7vA
William Regal AEW Release Coming? CM Punk Brawl Out Story True? Another WWE Return! | WrestleTalk,https://www.youtube.com/watch?v=kbLxDEKe9wk,links,https://www.youtube.com/watch?v=kbLxDEKe9wk
MAJOR William Regal To WWE Update! | WrestleTalk,https://www.youtube.com/watch?v=BJj3jWqMV08,links,https://www.youtube.com/watch?v=BJj3jWqMV08
SHOCK AEW Dynamite Turn! CM Punk Misunderstood? AEW Dynamite Review | WrestleTalk,https://www.youtube.com/watch?v=iU0HMqWTr9o,links,https://www.youtube.com/watch?v=iU0HMqWTr9o
Will William Regal Leave AEW? | WrestleTalk,https://www.youtube.com/watch?v=0GcNV0jEjF8,links,https://www.youtube.com/watch?v=0GcNV0jEjF8
Ronda Rousey Fan HEAT?! Charlotte Flair WWE Return? FTR Leaving AEW? | WrestleTalk,https://www.youtube.com/watch?v=H_JLyDXZ4nY,links,https://www.youtube.com/watch?v=H_JLyDXZ4nY
AEW Star Reveals CM Punk ‘No Longer’ In Company! | WrestleTalk,https://www.youtube.com/watch?v=LEBSR-ASoHo,links,https://www.youtube.com/watch?v=LEBSR-ASoHo
Roman Reigns Altercation With Kevin Owens! Andrade AEW Update! WWE Raw Review! | WrestleTalk,https://www.youtube.com/watch?v=fRdPj2LckzU,links,https://www.youtube.com/watch?v=fRdPj2LckzU
Roman Reigns WWE Plans LEAKED! AEW Crisis! | WrestleTalk,https://www.youtube.com/watch?v=e37ld8m0eMY,links,https://www.youtube.com/watch?v=e37ld8m0eMY
WWE Survivor Series 2022 News! AEW Talent Heading to WWE? Sasha Banks Teases AEW Move? | WrestleTalk,https://www.youtube.com/watch?v=_gasTqUmEMA,links,https://www.youtube.com/watch?v=_gasTqUmEMA
WWE Survivor Series 2022 Review | WrestleTalk,https://www.youtube.com/watch?v=Ut0a-gy0N3o,links,https://www.youtube.com/watch?v=Ut0a-gy0N3o
Sami Zayn BETRAYS Kevin Owens! WWE Survivor Series War Games REACTION! | WrestleTalk,https://www.youtube.com/watch?v=2MUCH3Ce26E,links,https://www.youtube.com/watch?v=2MUCH3Ce26E
Randy Orton HUGE Injury Update! CM Punk AEW Return? WWE SmackDown & AEW Rampage Review | WrestleTalk,https://www.youtube.com/watch?v=l3TiY4Y7SVc,links,https://www.youtube.com/watch?v=l3TiY4Y7SVc
CM Punk ‘NOT HAPPY’ With The Elite! Kenny Omega Addresses Using GTS! WWE MITB Plans! | WrestleTalk,https://www.youtube.com/watch?v=FQq3LPJBmus,links,https://www.youtube.com/watch?v=FQq3LPJBmus
The Elite Shoots On CM Punk! Cody Rhodes WWE RETURN?! AEW Dynamite Review! | WrestleTalk,https://www.youtube.com/watch?v=TfuZd6W9Dto,links,https://www.youtube.com/watch?v=TfuZd6W9Dto
WORST Debut Of The Year?! | WrestleTalk,https://www.youtube.com/watch?v=Xq7daXR1HJY,links,https://www.youtube.com/watch?v=Xq7daXR1HJY
Multiple WWE Survivor Series Returns?! WWE/New Japan Relationship? WWE Star In MCU! | WrestleTalk,https://www.youtube.com/watch?v=J2v1uDXi6xE,links,https://www.youtube.com/watch?v=J2v1uDXi6xE
WWE Predictions: Survivor Series War Games 2022 | WrestleTalk,https://www.youtube.com/watch?v=FDJCgOdtrxI,links,https://www.youtube.com/watch?v=FDJCgOdtrxI
Shock WWE Survivor Series RETURN? Bryan Danielson Full-Time Future! WWE Raw Review | WrestleTalk,https://www.youtube.com/watch?v=BRZWJjliadE,links,https://www.youtube.com/watch?v=BRZWJjliadE
CM Punk REMOVED From AEW Game! MJF Tony Khan Friction | WrestleTalk,https://www.youtube.com/watch?v=tzP7RElKeSY,links,https://www.youtube.com/watch?v=tzP7RElKeSY
AEW Crowd TURNS On CM Punk! AEW Scrapping Interim Title? New AEW Signing! | WrestleTalk,https://www.youtube.com/watch?v=Q0P4yLXjbDI,links,https://www.youtube.com/watch?v=Q0P4yLXjbDI
William Regal JOINS MJF! MJF AEW Champion! AEW Full Gear 2022 Review | WrestleTalk,https://www.youtube.com/watch?v=ayh3wKV2w94,links,https://www.youtube.com/watch?v=ayh3wKV2w94
AEW Full Gear 2022 REACTION! MJF Wins AEW World Championship! | WrestleTalk,https://www.youtube.com/watch?v=PIS7mV9jCXU,links,https://www.youtube.com/watch?v=PIS7mV9jCXU
CM Punk SHOOTS On Brawl Out! Adam Cole Update! WWE SmackDown Review! | WrestleTalk,https://www.youtube.com/watch?v=midipWU_zNU,links,https://www.youtube.com/watch?v=midipWU_zNU
CM Punk's AEW Relationship Has Gotten Worse! | WrestleTalk,https://www.youtube.com/watch?v=UrmwEwcuF8w,links,https://www.youtube.com/watch?v=UrmwEwcuF8w
Tony Khan On CM Punk AEW Status! CM Punk Injury Update! Kevin Owens War Games Plans! | WrestleTalk,https://www.youtube.com/watch?v=-yiKJfn_H1k,links,https://www.youtube.com/watch?v=-yiKJfn_H1k
WWE Is Screwing With AEW,https://www.youtube.com/watch?v=1azWPwLZdTI,links,https://www.youtube.com/watch?v=1azWPwLZdTI
AEW Star Suspended! MJF Shoots On CM Punk! CM Punk & WWE Latest! AEW Dynamite Review! | WrestleTalk,https://www.youtube.com/watch?v=h0NgqJFMUwI,links,https://www.youtube.com/watch?v=h0NgqJFMUwI
Sasha Banks DONE WITH WWE? Randy Orton WWE Return? Jeff Hardy Arrest Update! | WrestleTalk,https://www.youtube.com/watch?v=hW4O2nXlfnQ,links,https://www.youtube.com/watch?v=hW4O2nXlfnQ
AEW Predictions: Full Gear 2022 - William Regal Sides With MJF? | WrestleTalk,https://www.youtube.com/watch?v=jH9TLRrmG4M,links,https://www.youtube.com/watch?v=jH9TLRrmG4M
GUNTHER WWE BURIAL?! Stone Cold Steve Austin WrestleMania 39 Match? WWE Raw Review | WrestleTalk,https://www.youtube.com/watch?v=vee-6MGU0E8,links,https://www.youtube.com/watch?v=vee-6MGU0E8
MAJOR Wrestling Heat! Real Reason For WWE BOTCH! | WrestleTalk,https://www.youtube.com/watch?v=-7JydJmB-n8,links,https://www.youtube.com/watch?v=-7JydJmB-n8
WWE Star Criticizes WWE Booking! John Cena WrestleMania Return & Opponents? | WrestleTalk,https://www.youtube.com/watch?v=uKnh2rVmpgo,links,https://www.youtube.com/watch?v=uKnh2rVmpgo
WWE Talent ‘Furious’ Over MITB! Top Star to WWE? WWE Smackdown & AEW Rampage Review | WrestleTalk,https://www.youtube.com/watch?v=apJIHTIgyPI,links,https://www.youtube.com/watch?v=apJIHTIgyPI
WWE War Games Plans REVEALED! | WrestleTalk,https://www.youtube.com/watch?v=7gZsnS2Hg-E,links,https://www.youtube.com/watch?v=7gZsnS2Hg-E
CM Punk RETURN! Bray Wyatt Wants WWE Returns! Braun Strowman Heat Update! | WrestleTalk,https://www.youtube.com/watch?v=Vajn5Yud19s,links,https://www.youtube.com/watch?v=Vajn5Yud19s
More Backstage Unrest! King of the Ring Update! AEW Dynamite Review | WrestleTalk,https://www.youtube.com/watch?v=HAzBsxgE20w,links,https://www.youtube.com/watch?v=HAzBsxgE20w
Real Reason Austin Theory FAILED! John Cena WWE Return! CM Punk Colt Cabana AEW! | WrestleTalk,https://www.youtube.com/watch?v=bIcEwJf4hoc,links,https://www.youtube.com/watch?v=bIcEwJf4hoc
WWE Star UPSET With Booking! | WrestleTalk,https://www.youtube.com/watch?v=OoTMZYdSJFc,links,https://www.youtube.com/watch?v=OoTMZYdSJFc
Top Star SUSPENDED! WWE Crown Jewel 2022 SUCCESS! WWE Raw Review | WrestleTalk,https://www.youtube.com/watch?v=2_ap1y6duUk,links,https://www.youtube.com/watch?v=2_ap1y6duUk
MAJOR WWE Braun Strowman Heat! Top Star QUITS! | WrestleTalk,https://www.youtube.com/watch?v=Dgi4EibgIwU,links,https://www.youtube.com/watch?v=Dgi4EibgIwU
WWE Crown Jewel 2022 Backstage News! Sasha Banks WWE Return CONFIRMED?! | WrestleTalk,https://www.youtube.com/watch?v=Mm6wvQQU0dE,links,https://www.youtube.com/watch?v=Mm6wvQQU0dE
Bray Wyatt RECRUITS Alexa Bliss? WWE Crown Jewel 2022 Review | WrestleTalk,https://www.youtube.com/watch?v=x9j_pfNbhAI,links,https://www.youtube.com/watch?v=x9j_pfNbhAI
Logan Paul Vs Roman Reigns Was INCREDIBLE! WWE Crown Jewel 2022 Reaction | WrestleTalk,https://www.youtube.com/watch?v=dWVvmGrRJr4,links,https://www.youtube.com/watch?v=dWVvmGrRJr4
UNFAIR AEW All Out Investigation? WWE Smackdown & AEW Rampage Review | WrestleTalk,https://www.youtube.com/watch?v=duAmmGQndIg,links,https://www.youtube.com/watch?v=duAmmGQndIg
Real Reason For Colt Cabana AEW Return! | WrestleTalk,https://www.youtube.com/watch?v=_DjpP-nrmmY,links,https://www.youtube.com/watch?v=_DjpP-nrmmY
CM Punk STAYING In AEW?! Latest WWE Thoughts On CM Punk! WWE On 'High Alert' | WrestleTalk,https://www.youtube.com/watch?v=GvYTNf8SdnE,links,https://www.youtube.com/watch?v=GvYTNf8SdnE
SHOCK Bryan Danielson AEW Plans! | WrestleTalk,https://www.youtube.com/watch?v=--Rs7GeNc-k,links,https://www.youtube.com/watch?v=--Rs7GeNc-k
CM Punk ‘Multiple Offers’ To Wrestle! Jeff Jarrett AEW Director! AEW Dynamite Review | WrestleTalk,https://www.youtube.com/watch?v=ZvRY46R1u9s,links,https://www.youtube.com/watch?v=ZvRY46R1u9s
Why Was WWE Star Released?! WWE Crown Jewel Canceled? CM Punk DONE With Wrestling? | WrestleTalk,https://www.youtube.com/watch?v=ELkE7cFKdrQ,links,https://www.youtube.com/watch?v=ELkE7cFKdrQ
WWE Predictions: Crown Jewel 2022 | WrestleTalk,https://www.youtube.com/watch?v=vuJvvqdQumk,links,https://www.youtube.com/watch?v=vuJvvqdQumk
WWE Releases?! Real Reason Kevin Owens GONE! WWE Raw Review | WrestleTalk,https://www.youtube.com/watch?v=i5B8sjQXvPw,links,https://www.youtube.com/watch?v=i5B8sjQXvPw
Cody Rhodes DENIES CM Punk AEW Rumor! SHOCK WWE Move! | WrestleTalk,https://www.youtube.com/watch?v=U4SQfQvDEPQ,links,https://www.youtube.com/watch?v=U4SQfQvDEPQ
Lana SHOOTS HARD On AEW! Triple H SCRAPPING Premium Live Event! | WrestleTalk,https://www.youtube.com/watch?v=Qu6n2scCukI,links,https://www.youtube.com/watch?v=Qu6n2scCukI
Why Alexa Bliss & Asuka Off WWE TV! WWE SmackDown & AEW Rampage Review | WrestleTalk,https://www.youtube.com/watch?v=GqXmPf7YUXo,links,https://www.youtube.com/watch?v=GqXmPf7YUXo
CM Punk EXILED From AEW?! | WrestleTalk,https://www.youtube.com/watch?v=WHdUApCnmEc,links,https://www.youtube.com/watch?v=WHdUApCnmEc
CM Punk Brawl Out Story LIE?! AEW Want MJF Face Turn! Sami Zayn Bloodline Plans! | WrestleTalk,https://www.youtube.com/watch?v=io1Wtc7awG0,links,https://www.youtube.com/watch?v=io1Wtc7awG0
SHOCK AEW Brawl Out Details REVEALED?! Elite RETURN Imminent! AEW Dynamite Review | WrestleTalk,https://www.youtube.com/watch?v=JxsqQiU5VTw,links,https://www.youtube.com/watch?v=JxsqQiU5VTw
Should AEW Fire CM Punk? | WrestleTalk,https://www.youtube.com/watch?v=5oYs0uP46Xc,links,https://www.youtube.com/watch?v=5oYs0uP46Xc
New Japan HEAT With WWE Star! Charlotte Flair WWE Return? | WrestleTalk,https://www.youtube.com/watch?v=ItWFAvuGW54,links,https://www.youtube.com/watch?v=ItWFAvuGW54
Tony Khan CHOOSES Elite Over CM Punk?! Bray Wyatt WWE Status! WWE Raw Review | WrestleTalk,https://www.youtube.com/watch?v=4arIXKwqJqs,links,https://www.youtube.com/watch?v=4arIXKwqJqs
AEW Locker Room Want CM Punk GONE! More AEW HEAT! | WrestleTalk,https://www.youtube.com/watch?v=7R90w6zaiRg,links,https://www.youtube.com/watch?v=7R90w6zaiRg
The Miz Injured?! WWE Tag Team Returning? Triple H White Rabbit | WrestleTalk,https://www.youtube.com/watch?v=ilwNXJcCOWM,links,https://www.youtube.com/watch?v=ilwNXJcCOWM
Another AEW Injury! Major Changes To WWE Premium Live Events! WWE SmackDown Review | WrestleTalk,https://www.youtube.com/watch?v=0pcQC8UTISk,links,https://www.youtube.com/watch?v=0pcQC8UTISk
CM Punk WWE RETURN?! Leaving AEW Soon? | WrestleTalk,https://www.youtube.com/watch?v=PY8vqOKp0h8,links,https://www.youtube.com/watch?v=PY8vqOKp0h8
New Japan FURIOUS With WWE! Toni Storm Irritated With AEW! | WrestleTalk,https://www.youtube.com/watch?v=1xR6Mb2fDUQ,links,https://www.youtube.com/watch?v=1xR6Mb2fDUQ
AEW Stars Spoken To Backstage! AEW Backstage Altercation! CM Punk Kenny Omega Update | WrestleTalk,https://www.youtube.com/watch?v=D8mg8T5Qf-M,links,https://www.youtube.com/watch?v=D8mg8T5Qf-M
AEW Handled Hangman Page's Injury Perfectly | WrestleTalk,https://www.youtube.com/watch?v=Gt3WXBwTz-M,links,https://www.youtube.com/watch?v=Gt3WXBwTz-M
AEW Backstage Fight Talent RELEASED! Hangman Page Injury Update; AEW Dynamite Review | WrestleTalk,https://www.youtube.com/watch?v=iSs2HD0hYzU,links,https://www.youtube.com/watch?v=iSs2HD0hYzU
Dave Meltzer SHOOTS HARD On AEW & Tony Khan! | WrestleTalk,https://www.youtube.com/watch?v=LUYQCAdqldE,links,https://www.youtube.com/watch?v=LUYQCAdqldE
TOP WWE Star RETURN ‘Soon’! WWE Raw Review | WrestleTalk,https://www.youtube.com/watch?v=-8ZM19zHP5Y,links,https://www.youtube.com/watch?v=-8ZM19zHP5Y
WWE PPV CANCELED! Sasha Banks To New Japan?! | WrestleTalk,https://www.youtube.com/watch?v=wESzyf6mrLI,links,https://www.youtube.com/watch?v=wESzyf6mrLI
Tony Khan “Over His Head”?! AEW Retirement? WWE Stars DEBUT for AEW! | WrestleTalk,https://www.youtube.com/watch?v=rQREfBgxo6w,links,https://www.youtube.com/watch?v=rQREfBgxo6w
New Bray Wyatt WWE Return Details Revealed! WWE SmackDown Review | WrestleTalk,https://www.youtube.com/watch?v=nC7ij0IYljU,links,https://www.youtube.com/watch?v=nC7ij0IYljU
More Stars TURN DOWN WWE! Triple H “SHOCKED”! Adam Cole Done With AEW? | WrestleTalk,https://www.youtube.com/watch?v=xcB6WjnYcQk,links,https://www.youtube.com/watch?v=xcB6WjnYcQk
FRUSTRATION With Tony Khan! WWE HEAT Update! AEW Dynamite Review | WrestleTalk,https://www.youtube.com/watch?v=Rv2VDXinlJ8,links,https://www.youtube.com/watch?v=Rv2VDXinlJ8
ROH Faction DEBUTING In WWE? Another WWE Return Soon? | WrestleTalk,https://www.youtube.com/watch?v=AGGrlbeOheg,links,https://www.youtube.com/watch?v=AGGrlbeOheg
Bray Wyatt WWE Plans REVEALED! WWE & New Japan Crossover?! | WrestleTalk,https://www.youtube.com/watch?v=p-NT1fhmhfc,links,https://www.youtube.com/watch?v=p-NT1fhmhfc
MJF AEW No-Show Explained! Gallows & Anderson Status! WWE Raw Review | WrestleTalk,https://www.youtube.com/watch?v=I3AtFzLZhlE,links,https://www.youtube.com/watch?v=I3AtFzLZhlE
Bray Wyatt WWE Return Success! Wyatt 6 Faction Update? | WrestleTalk,https://www.youtube.com/watch?v=rYQDWxBw84o,links,https://www.youtube.com/watch?v=rYQDWxBw84o
Why Bray Wyatt Returned To WWE Now! Extreme Rules 2022 Backstage News! | WrestleTalk News,https://www.youtube.com/watch?v=LMCkB-PifK0,links,https://www.youtube.com/watch?v=LMCkB-PifK0
WWE Bray Wyatt RETURNS! Extreme Rules 2022 Review | WrestleTalk,https://www.youtube.com/watch?v=sJQYscr46Io,links,https://www.youtube.com/watch?v=sJQYscr46Io
Bray Wyatt WWE Return! Extreme Rules 2022 Reaction | WrestleTalk,https://www.youtube.com/watch?v=ZAT3-RNQ8HA,links,https://www.youtube.com/watch?v=ZAT3-RNQ8HA
Another Ex-WWE Star Returning Soon? WWE SmackDown & AEW Rampage Review | WrestleTalk,https://www.youtube.com/watch?v=UrG0ST8AJTM,links,https://www.youtube.com/watch?v=UrG0ST8AJTM
WWE Raw Name Gone From WWE! WWE Debut Soon! Andrade Sammy Guevara Details | WrestleTalk,https://www.youtube.com/watch?v=bc7QNsu4XQQ,links,https://www.youtube.com/watch?v=bc7QNsu4XQQ
Andrade Sammy Guevara AEW Backstage FIGHT! Saraya Cleared? AEW Dynamite Review | WrestleTalk,https://www.youtube.com/watch?v=sg4vMDwZpEo,links,https://www.youtube.com/watch?v=sg4vMDwZpEo
Andrade Sammy Guevara MEGA AEW Heat! More Bray Wyatt WWE Return Links! | WrestleTalk,https://www.youtube.com/watch?v=MJG_yKhbCNg,links,https://www.youtube.com/watch?v=MJG_yKhbCNg
WWE Predictions: Extreme Rules 2022 | WrestleTalk,https://www.youtube.com/watch?v=H_w5M7ID8dk,links,https://www.youtube.com/watch?v=H_w5M7ID8dk
Cody Rhodes NOT Planned For WWE World Title! WWE Star Injury; WWE Raw Review | WrestleTalk,https://www.youtube.com/watch?v=fXuZ1FZchyc,links,https://www.youtube.com/watch?v=fXuZ1FZchyc
AEW Star LEAVING This Week?! FTR Upset With Tony Khan! | WrestleTalk,https://www.youtube.com/watch?v=MIBswBfuMsA,links,https://www.youtube.com/watch?v=MIBswBfuMsA
WWE WrestleMania Backstage FIGHT! Tyler Breeze WWE Appearance! | WrestleTalk,https://www.youtube.com/watch?v=K0mIhTIBbm8,links,https://www.youtube.com/watch?v=K0mIhTIBbm8
John Cena WWE Return? Antonio Inoki Passes Away; WWE SmackDown & AEW Rampage Review | WrestleTalk,https://www.youtube.com/watch?v=SIH2ok-Pmbo,links,https://www.youtube.com/watch?v=SIH2ok-Pmbo
Mustafa Ali SHOOTS On WWE? WWE Not Involved With White Rabbit?! | WrestleTalk,https://www.youtube.com/watch?v=YqYPD7vrHME,links,https://www.youtube.com/watch?v=YqYPD7vrHME
Sasha Banks NOT Returning To WWE? Saraya AEW Contract! AEW Dynamite Review | WrestleTalk,https://www.youtube.com/watch?v=2qwR_g4_ycU,links,https://www.youtube.com/watch?v=2qwR_g4_ycU
New WWE Belts Soon? WWE NXT Stars Suspended! | WrestleTalk,https://www.youtube.com/watch?v=bv1WLuCwB0A,links,https://www.youtube.com/watch?v=bv1WLuCwB0A
CM Punk Injury CONFIRMED! AEW Not Releasing Talent! | WrestleTalk,https://www.youtube.com/watch?v=7exNfjWaU5s,links,https://www.youtube.com/watch?v=7exNfjWaU5s
Malakai Black NOT Released From AEW! AEW Dynamite Drastically Changed? WWE Raw Review | WrestleTalk,https://www.youtube.com/watch?v=VCSpsa2ylDE,links,https://www.youtube.com/watch?v=VCSpsa2ylDE
Buddy Matthews DONE With AEW?! WWE BANS Move! Drew McIntyre PULLED From Shows | WrestleTalk,https://www.youtube.com/watch?v=nwb9s2kV_1U,links,https://www.youtube.com/watch?v=nwb9s2kV_1U
Details On AEW World Title Match! WWE Bringing Back Old Gimmick? | WrestleTalk,https://www.youtube.com/watch?v=mXP-6ZYWLaM,links,https://www.youtube.com/watch?v=mXP-6ZYWLaM
Malakai Black RELEASED! WWE Want More AEW Talent! WWE SmackDown & AEW Rampage Review | WrestleTalk,https://www.youtube.com/watch?v=PIGGvkZkyyo,links,https://www.youtube.com/watch?v=PIGGvkZkyyo
Goldberg WWE Return Soon? Roman Reigns vs Tyson Fury? Kevin Nash AEW SHOOT! | WrestleTalk,https://www.youtube.com/watch?v=apSDKk_3tg4,links,https://www.youtube.com/watch?v=apSDKk_3tg4
CM Punk AEW Contract BOUGHT OUT?! Paige AEW DEBUT! AEW Dynamite Grand Slam Review | WrestleTalk,https://www.youtube.com/watch?v=iZnEVSM_lLQ,links,https://www.youtube.com/watch?v=iZnEVSM_lLQ
WWE Title Relinquished! NXT NOT Bringing Back TakeOvers! | WrestleTalk,https://www.youtube.com/watch?v=IjLoruuLJSg,links,https://www.youtube.com/watch?v=IjLoruuLJSg
Bray Wyatt WWE Return SECRETS! Tony Khan Shoots On WWE! | WrestleTalk,https://www.youtube.com/watch?v=jyUb7kfJDLw,links,https://www.youtube.com/watch?v=jyUb7kfJDLw
Bray Wyatt WWE Return THIS FRIDAY?! Malakai Black Wants WWE Return? WWE Raw Review! | WrestleTalk,https://www.youtube.com/watch?v=bJy3eLMvdMo,links,https://www.youtube.com/watch?v=bJy3eLMvdMo
WWE Mystery At Live Events… Top Star LEAVES AEW! | WrestleTalk,https://www.youtube.com/watch?v=dnq1Y1SS-dE,links,https://www.youtube.com/watch?v=dnq1Y1SS-dE